"Species","Capture History","Length","Weight","Wr","Mark","Tag","Sex","Mort?"
"SRC","M1","13.9","","","","","","N"
"SRC","M1","13.2","","","","","","N"
"SRC","M1","13.9","","","","","","N"
"SRC","M1","16.8","","","","","","N"
"SRC","M1","14.2","","","","","","N"
"SRC","M1","12","","","","","","N"
"SRC","M1","15.4","","","","","","N"
"SRC","M1","14.8","","","","","","N"
"SRC","M1","14.9","","","","","","N"
"SRC","M1","11.4","","","","","","N"
"SRC","M1","16.7","","","","","","N"
"SRC","M1","13.2","","","","","","N"
"SRC","M1","14.8","","","","","","N"
"SRC","M1","9.7","","","","","","N"
"SRC","M1","6.6","","","","","","N"
"SRC","M1","10.7","","","","","","N"
"SRC","M1","13.7","","","","","","N"
"SRC","M1","17.2","","","","","","N"
"SRC","M1","12.5","","","","","","N"
"SRC","M1","15.5","","","","","","N"
"SRC","M1","16.5","","","","","","N"
"SRC","M1","8.5","","","","","","N"
"SRC","M1","5.5","","","","","","N"
"SRC","M1","11.8","","","","","","N"
"SRC","M1","9.9","","","","","","N"
"BNT","P1","8.6","","","","","","N"
"BNT","P1","9.1","","","","","","N"
"SRC","M1","13.9","","","","","","N"
"SRC","M1","12","","","","","","N"
"SRC","M1","12.2","","","","","","N"
"SRC","M1","15","","","","","","N"
"SRC","M1","16.7","","","","","","N"
"SRC","M1","11.1","","","","","","N"
"SRC","M1","14.7","","","","","","N"
"SRC","M1","16.9","","","","","","N"
"SRC","M1","12.8","","","","","","N"
"SRC","M1","16.4","","","","","","N"
"SRC","M1","6.3","","","","","","N"
"SRC","M1","15.1","","","","","","N"
"SRC","M1","12","","","","","","N"
"SRC","M1","14.4","","","","","","N"
"SRC","M1","5.1","","","","","","N"
"SRC","M1","11.1","","","","","","N"
"SRC","M1","7.9","","","","","","N"
"SRC","M1","7.4","","","","","","N"
"SRC","M1","5.8","","","","","","N"
"SRC","M1","6.7","","","","","","N"
"SRC","M1","4.5","","","","","","N"
"SRC","M1","8.5","","","","","","N"
"SRC","M1","16.6","","","","","","N"
"SRC","M1","11.4","","","","","","N"
"SRC","M1","15","","","","","","N"
"SRC","M1","14.1","","","","","","N"
"SRC","M1","12.5","","","","","","N"
"SRC","M1","11.4","","","","","","N"
"SRC","M1","20","","","","","","N"
"SRC","M1","11.7","","","","","","N"
"SRC","M1","12.5","","","","","","N"
"SRC","M1","17.4","","","","","","N"
"SRC","M1","15.1","","","","","","N"
"SRC","M1","11.7","","","","","","N"
"SRC","M1","12.2","","","","","","N"
"SRC","M1","17.4","","","","","","N"
"SRC","M1","13.9","","","","","","N"
"SRC","M1","10.2","","","","","","N"
"SRC","M1","14.1","","","","","","N"
"SRC","M1","14.4","","","","","","N"
"SRC","M1","19","","","","","","N"
"SRC","M1","16.8","","","","","","N"
"SRC","M1","14","","","","","","N"
"SRC","M1","11.3","","","","","","N"
"SRC","M1","11.6","","","","","","N"
"SRC","M1","14.3","","","","","","N"
"SRC","M1","13.9","","","","","","N"
"SRC","M1","13.5","","","","","","N"
"SRC","M1","12.2","","","","","","N"
"SRC","M1","5.3","","","","","","N"
"SRC","M1","15","","","","","","N"
"SRC","M1","13.1","","","","","","N"
"SRC","M1","15.5","","","","","","N"
"SRC","M1","6.3","","","","","","N"
"SRC","M1","13.3","","","","","","N"
"SRC","M1","5","","","","","","N"
"SRC","M1","6.7","","","","","","N"
"SRC","M1","13.4","","","","","","N"
"SRC","M1","5.1","","","","","","N"
"SRC","M1","5.4","","","","","","N"
"SRC","M1","6.9","","","","","","N"
"SRC","M1","11.9","","","","","","N"
"SRC","M1","5.1","","","","","","N"
"SRC","M1","13.4","","","","","","N"
"SRC","M1","17.9","","","","","","N"
"SRC","M1","13.7","","","","","","N"
"SRC","M1","15.6","","","","","","N"
"SRC","M1","6.6","","","","","","N"
"SRC","M1","18.2","","","","","","N"
"SRC","M1","12.1","","","","","","N"
"SRC","M1","11.8","","","","","","N"
"SRC","M1","8.4","","","","","","N"
"SRC","M1","16.6","","","","","","N"
"SRC","M1","15.8","","","","","","N"
"SRC","M1","15","","","","","","N"
"SRC","M1","15.5","","","","","","N"
"SRC","M1","11.8","","","","","","N"
"SRC","M1","15.8","","","","","","N"
"SRC","M1","15.8","","","","","","N"
"SRC","M1","5.3","","","","","","N"
"SRC","M1","6.4","","","","","","N"
"SRC","M1","13","","","","","","N"
"SRC","M1","16.8","","","","","","N"
"SRC","M1","17.4","","","","","","N"
"SRC","M1","14.8","","","","","","N"
"SRC","M1","15","","","","","","N"
"SRC","M1","13.2","","","","","","N"
"SRC","M1","15.3","","","","","","N"
"SRC","M1","18.2","","","","","","N"
"SRC","M1","14","","","","","","N"
"SRC","M1","13.9","","","","","","N"
"SRC","M1","13","","","","","","N"
"SRC","M1","8.3","","","","","","N"
"SRC","M1","15.6","","","","","","N"
"SRC","M1","12.2","","","","","","N"
"SRC","M1","11.2","","","","","","N"
"SRC","M1","5.5","","","","","","N"
"SRC","M1","7.6","","","","","","N"
"SRC","M1","9.2","","","","","","N"
"SRC","M1","8.3","","","","","","N"
"SRC","M1","17.3","","","","","","N"
"SRC","M1","14.7","","","","","","N"
"SRC","M1","13.8","","","","","","N"
"SRC","M1","15.3","","","","","","N"
"SRC","M1","8.5","","","","","","N"
"SRC","M1","17.4","","","","","","N"
"SRC","M1","7","","","","","","N"
"SRC","M1","13.6","","","","","","N"
"SRC","M1","10.4","","","","","","N"
"SRC","M1","6.5","","","","","","N"
"SRC","M1","6","","","","","","N"
"SRC","M1","5.7","","","","","","N"
"SRC","M1","5.9","","","","","","N"
"SRC","M1","8.7","","","","","","N"
"SRC","M1","5.6","","","","","","N"
"SRC","M1","7.7","","","","","","N"
"SRC","M1","13.7","","","","","","N"
"SRC","M1","13.1","","","","","","N"
"SRC","M1","11.5","","","","","","N"
"SRC","M1","10.1","","","","","","N"
"SRC","M1","11.1","","","","","","N"
"SRC","M1","8","","","","","","N"
"SRC","M1","14.6","","","","","","N"
"SRC","M1","10.2","","","","","","N"
"SRC","M1","6.7","","","","","","N"
"SRC","M1","6.8","","","","","","N"
"SRC","M1","9.6","","","","","","N"
"SRC","M1","8.2","","","","","","N"
"SRC","M1","6.9","","","","","","N"
"SRC","M1","5.4","","","","","","N"
"SRC","M1","7.5","","","","","","N"
"SRC","M1","5.5","","","","","","N"
"SRC","M1","8.5","","","","","","N"
"SRC","M1","8.2","","","","","","N"
"SRC","M1","5.1","","","","","","N"
"SRC","M1","15.9","","","","","","N"
"SRC","M1","6.2","","","","","","N"
"SRC","M1","5.7","","","","","","N"
"SRC","M1","7.2","","","","","","N"
"SRC","M1","5.8","","","","","","N"
"SRC","M1","5.1","","","","","","N"
"SRC","M1","9.3","","","","","","N"
"SRC","M1","7.8","","","","","","N"
"SRC","M1","7.4","","","","","","N"
"SRC","M1","6.8","","","","","","N"
"SRC","M1","6.9","","","","","","N"
"SRC","M1","4.7","","","","","","N"
"SRC","M1","6.4","","","","","","N"
"SRC","M1","3.7","","","","","","N"
"SRC","M1","8.3","","","","","","N"
"SRC","M1","7.7","","","","","","N"
"SRC","M1","6.5","","","","","","N"
"SRC","M1","4.7","","","","","","N"
"SRC","M1","3.4","","","","","","N"
"SRC","M1","5.2","","","","","","N"
"SRC","M1","6.1","","","","","","N"
"SRC","M1","4.7","","","","","","N"
"SRC","M1","5","","","","","","N"
"SRC","M1","3","","","","","","N"
"SRC","M1","3.2","","","","","","N"
"SRC","M1","15.8","","","","","","N"
"SRC","M1","14.2","","","","","","N"
"SRC","M1","13","","","","","","N"
"SRC","M1","17.7","","","","","","N"
"SRC","M1","16.7","","","","","","N"
"SRC","M1","17.7","","","","","","N"
"SRC","M1","8.2","","","","","","N"
"SRC","M1","15.2","","","","","","N"
"SRC","M1","10","","","","","","N"
"SRC","M1","13.2","","","","","","N"
"SRC","M1","15.5","","","","","","N"
"SRC","M1","17.6","","","","","","N"
"SRC","M1","12.3","","","","","","N"
"SRC","M1","5.4","","","","","","N"
"SRC","M1","15.4","","","","","","N"
"SRC","M1","14.7","","","","","","N"
"SRC","M1","14.3","","","","","","N"
"SRC","M1","15.7","","","","","","N"
"SRC","M1","15","","","","","","N"
"SRC","M1","16.5","","","","","","N"
"SRC","M1","14.6","","","","","","N"
"SRC","M1","7.6","","","","","","N"
"SRC","M1","10.4","","","","","","N"
"SRC","M1","13.8","","","","","","N"
"SRC","M1","9.7","","","","","","N"
"SRC","M1","7.4","","","","","","N"
"SRC","M1","14.5","","","","","","N"
"SRC","M1","11.3","","","","","","N"
"SRC","M1","13.6","","","","","","N"
"SRC","M1","8.6","","","","","","N"
"SRC","M1","15.5","","","","","","N"
"SRC","M1","13.8","","","","","","N"
"LAT","P1","24.8","","","","","","N"
"SRC","M1","5.8","","","","","","N"
"SRC","M1","5.7","","","","","","N"
"SRC","M1","13.8","","","","","","N"
"SRC","M1","13.7","","","","","","N"
"SRC","M1","9.5","","","","","","N"
"SRC","M1","6","","","","","","N"
"SRC","M1","8.2","","","","","","N"
"SRC","M1","14.9","","","","","","N"
"SRC","M1","4.5","","","","","","N"
"SRC","M1","6.4","","","","","","N"
"SRC","M1","15.2","","","","","","N"
"SRC","M1","6.3","","","","","","N"
"SRC","M1","11.6","","","","","","N"
"SRC","M1","5.8","","","","","","N"
"SRC","M1","5","","","","","","N"
"SRC","M1","7.3","","","","","","N"
"SRC","M1","7.7","","","","","","N"
"SRC","M1","12.8","","","","","","N"
"SRC","M1","5.6","","","","","","N"
"SRC","M1","5.9","","","","","","N"
"SRC","M1","7.2","","","","","","N"
"SRC","M1","5.7","","","","","","N"
"SRC","M1","4.3","","","","","","N"
"SRC","M1","17.5","","","","","","N"
"SRC","M1","12.5","","","","","","N"
"BKT","P1","10.3","","","","","","N"
"SRC","M1","7","","","","","","N"
"SRC","M1","8.2","","","","","","N"
"SRC","M1","6.6","","","","","","N"
"SRC","M1","6.1","","","","","","N"
"SRC","M1","8.4","","","","","","N"
"SRC","M1","8.1","","","","","","N"
"SRC","M1","9.9","","","","","","N"
"SRC","M1","7.4","","","","","","N"
"SRC","M1","9.1","","","","","","N"
"SRC","M1","12.7","","","","","","N"
"SRC","M1","11.5","","","","","","N"
"SRC","M1","7.6","","","","","","N"
"SRC","M1","6.4","","","","","","N"
"SRC","M1","7.4","","","","","","N"
"SRC","M1","8.9","","","","","","N"
"SRC","M1","9.2","","","","","","N"
"SRC","M1","7.8","","","","","","N"
"SRC","M1","16.8","","","","","","N"
"SRC","M1","14.9","","","","","","N"
"SRC","M1","12","","","","","","N"
"SRC","M1","16.2","","","","","","N"
"SRC","M1","15.5","","","","","","N"
"SRC","M1","16.7","","","","","","N"
"SRC","M1","16.8","","","","","","N"
"SRC","M1","12.6","","","","","","N"
"SRC","M1","8.1","","","","","","N"
"SRC","M1","7.1","","","","","","N"
"SRC","M1","14.4","","","","","","N"
"SRC","M1","6","","","","","","N"
"SRC","M1","9.3","","","","","","N"
"SRC","M1","9.1","","","","","","N"
"SRC","M1","9.5","","","","","","N"
"SRC","M1","6.2","","","","","","N"
"SRC","M1","5.6","","","","","","N"
"SRC","M1","7.6","","","","","","N"
"SRC","M1","8.2","","","","","","N"
"SRC","M1","7.4","","","","","","N"
"SRC","M1","7.8","","","","","","N"
"SRC","M1","8.2","","","","","","N"
"SRC","M1","4.3","","","","","","N"
"SRC","M1","4.8","","","","","","N"
"SRC","M1","8.4","","","","","","N"
"SRC","M1","15.3","","","","","","N"
"SRC","M1","8.1","","","","","","N"
"SRC","M1","5.9","","","","","","N"
"SRC","M1","5.6","","","","","","N"
"SRC","M1","6","","","","","","N"
"SRC","M1","8.3","","","","","","N"
"SRC","M1","6.5","","","","","","N"
"SRC","M1","9.8","","","","","","N"
"SRC","M1","7.4","","","","","","N"
"SRC","M1","5.5","","","","","","N"
"SRC","M1","5.1","","","","","","N"
"SRC","M1","7.2","","","","","","N"
"SRC","M1","5.4","","","","","","N"
"SRC","M1","8.7","","","","","","N"
"SRC","M1","7.7","","","","","","N"
"SRC","M1","6.6","","","","","","N"
"SRC","M1","6.2","","","","","","N"
"SRC","M1","7.8","","","","","","N"
"SRC","M1","5.9","","","","","","N"
"SRC","M1","5.4","","","","","","N"
"SRC","M1","7.1","","","","","","N"
"SRC","M1","6.8","","","","","","N"
"SRC","M1","6.3","","","","","","N"
"SRC","M1","5.7","0.09","127","LP","","","N"
"SRC","M1","14.3","0.98","80","","","","N"
"SRC","M1","17.3","1.94","88","","","","N"
"SRC","M1","16.8","2.05","102","","","","N"
"SRC","M1","17.3","1.58","71","","","","N"
"SRC","M1","14.6","1.22","93","","","","N"
"SRC","M1","15.1","1.15","79","","","","N"
"SRC","M1","14.3","1.95","159","","","","N"
"SRC","M1","15.4","1.32","86","","","","N"
"SRC","M1","13.3","0.83","85","","","","N"
"SRC","M1","13.9","1.01","90","","","","N"
"SRC","M1","10.5","0.4","85","","","","N"
"SRC","M1","16.9","2.22","108","","","","N"
"SRC","M1","13.6","0.91","87","","","","N"
"SRC","M1","15.4","1.45","94","","","","N"
"SRC","M1","13.9","0.94","84","","","","N"
"SRC","M1","14.2","1.03","86","","","","N"
"SRC","M1","14.9","1.38","99","","","","N"
"SRC","M1","13.8","0.99","90","","","","N"
"SRC","M1","17","1.72","82","","","","N"
"SRC","M1","14.5","1","78","","","","N"
"SRC","M1","7.9","0.15","77","","","","N"
"SRC","M1","15.1","1.19","82","","","","N"
"SRC","M1","16.7","1.61","81","","","","N"
"SRC","M1","13.5","0.92","90","","","","N"
"SRC","M1","17.5","2.3","100","LP","","","N"
"SRC","M1","11","0.48","88","","","","N"
"SRC","M1","14.6","1.25","96","","","","N"
"SRC","M1","16.1","1.86","105","","","","N"
"SRC","M1","18","2.65","106","","","","N"
"SRC","M1","9.2","0.3","96","","","","N"
"SRC","M1","15.9","1.5","88","","","","N"
"SRC","M1","10.9","0.52","98","","","","N"
"SRC","M1","12.4","0.79","100","","","","N"
"SRC","M1","15.1","1.1","76","","","","N"
"SRC","M1","17.6","2.37","102","","","","N"
"SRC","M1","15","1.03","72","","","","N"
"SRC","M1","9.4","0.24","72","","","","N"
"SRC","M1","13.5","0.88","86","","","","N"
"SRC","M1","16","1.49","86","","","","N"
"SRC","M1","12.5","0.64","79","","","","N"
"SRC","M1","15.3","1.18","78","","","","N"
"SRC","M1","14.3","0.98","80","","","","N"
"SRC","M1","9.6","0.29","81","","","","N"
"SRC","M1","8.6","0.27","107","","","","N"
"SRC","M1","10.8","0.37","72","","","","N"
"SRC","M1","10.7","0.48","96","","","","N"
"SRC","M1","9.2","0.24","77","","","","N"
"SRC","M1","11.1","0.53","95","","","","N"
"SRC","M1","7.3","0.1","66","","","","N"
"SRC","M1","5.2","0.04","75","","","","N"
"SRC","M1","10.7","0.41","82","","","","N"
"SRC","M1","14.8","1.23","90","","","","N"
"SRC","M1","5.6","0.03","45","","","","N"
"SRC","M1","6","0.06","72","","","","N"
"SRC","M1","6.6","0.09","81","","","","N"
"SRC","M1","10.5","0.38","81","","","","N"
"SRC","M1","10.1","0.39","93","","","","N"
"SRC","M1","10.8","0.38","74","","","","N"
"SRC","M1","5.2","0.03","56","","","","N"
"SRC","M1","7.1","0.13","93","","","","N"
"SRC","M1","5.5","0.03","47","","","","N"
"SRC","M1","5.1","0.02","","","","","N"
"SRC","M1","5.1","0.03","","","","","N"
"SRC","M1","5","0.03","","","","","N"
"SRC","M1","5.4","0.04","67","","","","N"
"SRC","M1","7.9","0.14","72","","","","N"
"SRC","M1","10.3","0.33","74","","","","N"
"SRC","M1","6.8","0.09","74","","","","N"
"SRC","M1","5.6","0.05","75","","","","N"
"SRC","M1","6.1","0.06","69","","","","N"
"SRC","M1","6.5","0.06","56","","","","N"
"SRC","M1","5.9","0.06","76","","","","N"
"SRC","M1","4.8","","","","","","N"
"SRC","M1","3.3","","","","","","N"
"SRC","M1","4.6","","","","","","N"
"SRC","M1","7.6","0.11","64","","","","N"
"SRC","M1","10.5","0.26","55","","","","N"
"SRC","M1","9.5","0.27","78","","","","N"
"SRC","M1","10.2","0.32","74","","","","N"
"SRC","M1","9.3","0.21","65","","","","N"
"SRC","M1","8.4","0.13","55","","","","N"
"SRC","M1","8","0.11","54","","","","N"
"SRC","M1","8.4","0.15","64","","","","N"
"SRC","M1","8.4","0.15","64","","","","N"
"SRC","M1","10.1","0.28","67","","","","N"
"SRC","M1","8.1","0.16","76","","","","N"
"SRC","M1","12.2","0.62","83","","","","N"
"SRC","M1","10.6","0.28","58","","","","N"
"SRC","M1","9.3","0.26","80","","","","N"
"SRC","M1","8.2","0.14","64","","","","N"
"SRC","M1","8.4","0.22","93","","","","N"
"SRC","M1","8","0.2","99","","","","N"
"SRC","M1","8","0.14","69","","","","N"
"SRC","M1","6.9","0.04","31","","","","N"
"SRC","M1","8.1","0.18","85","","","","N"
"SRC","M1","9.1","0.23","76","","","","N"
"SRC","M1","7.8","0.13","69","","","","N"
"SRC","M1","9.1","0.24","79","","","","N"
"SRC","M1","6","0.08","96","","","","N"
"SRC","M1","5","","","","","","N"
"SRC","M1","7","0.1","75","","","","N"
"SRC","M1","7","0.12","90","","","","N"
"SRC","M1","7.5","0.11","66","","","","N"
"SRC","M1","7.4","0.1","63","","","","N"
"SRC","M1","6","0.06","72","","","","N"
"SRC","M1","6","0.08","96","","","","N"
"SRC","M1","5.2","0.04","75","","","","N"
"SRC","M1","6.5","0.08","75","","","","N"
"SRC","M1","4.2","","","","","","N"
"SRC","M1","15.5","1.31","83","","","","N"
"SRC","M1","16.8","1.75","87","","","","N"
"SRC","M1","17.8","1.98","82","","","","N"
"SRC","M1","15.1","1.32","91","","","","N"
"SRC","M1","14.4","0.95","76","","","","N"
"SRC","M1","10.3","0.39","88","","","","N"
"SRC","M1","12.1","0.66","90","","","","N"
"SRC","M1","13.7","0.98","91","","","","N"
"SRC","M1","15","1.26","89","","","","N"
"SRC","M1","16.3","1.6","87","","","","N"
"BKT","P1","8.9","0.26","64","","","","N"
"BKT","P1","8.7","0.3","80","","","","N"
"SRC","M1","14","1.07","93","","","","N"
"SRC","M1","15.8","1.67","100","","","","N"
"SRC","M1","13.1","0.82","88","","","","N"
"SRC","M1","7.7","0.15","83","","","","N"
"SRC","M1","14.1","1.12","95","","","","N"
"BKT","P1","10.4","0.45","69","","","","N"
"SRC","M1","14","1.05","91","","","","N"
"SRC","M1","17.4","1.96","87","","","","N"
"SRC","M1","16.9","1.55","75","","","","N"
"SRC","M1","10.2","0.36","84","","","","N"
"SRC","M1","12.1","0.71","97","","","","N"
"SRC","M1","12.7","0.7","82","","","","N"
"SRC","M1","15.3","1.17","77","","","","N"
"SRC","M1","8.7","0.22","84","","","","N"
"SRC","M1","10.5","0.42","89","","","","N"
"SRC","M1","13.4","0.91","91","","","","N"
"SRC","M1","7.2","0.12","82","","","","N"
"SRC","M1","6.1","0.08","91","","","","N"
"SRC","M1","8.2","0.22","101","","","","N"
"SRC","M1","6.1","0.11","126","","","","N"
"SRC","M1","5.4","0.1","167","","","","N"
"SRC","M1","11.4","0.62","102","","","","N"
"SRC","M1","12.7","0.78","92","","","","N"
"SRC","M1","11","0.54","99","","","","N"
"SRC","M1","6.5","0.13","122","","","","N"
"SRC","M1","10","0.3","74","","","","N"
"SRC","M1","5.8","0.07","94","","","","N"
"SRC","M1","7.3","0.14","92","","","","N"
"SRC","M1","4.5","","","","","","N"
"SRC","M1","5.3","0.05","88","","","","N"
"SRC","M1","6.1","0.07","80","","","","N"
"SRC","M1","8.3","0.15","66","","","","N"
"SRC","M1","7.3","0.15","98","","","","N"
"SRC","M1","15.2","1.26","85","","","","N"
"SRC","M1","5.1","0.03","","","","","N"
"SRC","M1","6","0.12","144","","","","N"
"SRC","M1","6.3","0.12","124","","","","N"
"SRC","M1","5.5","0.11","173","","","","N"
"SRC","M1","5.2","0.03","56","","","","N"
"SRC","M1","7.5","0.13","78","","","","N"
"SRC","M1","5.3","0.03","53","","","","N"
"SRC","M1","17.1","1.73","81","","","","N"
"SRC","M1","9.6","0.26","73","","","","N"
"SRC","M1","12.2","0.63","84","","","","N"
"SRC","M1","6.5","0.1","94","","","","N"
"SRC","M1","15.7","1.48","90","","","","N"
"SRC","M1","8.5","0.23","94","","","","N"
"SRC","M1","5.2","0.04","75","","","","N"
"SRC","M1","15.3","1.34","89","","","","N"
"SRC","M1","15","1.11","78","","","","N"
"SRC","M1","11.4","0.49","81","","","","N"
"SRC","M1","12.6","0.69","83","","","","N"
"SRC","M1","14.8","1.04","76","","","","N"
"SRC","M1","14.7","1.18","88","","","","N"
"SRC","M1","5.6","0.06","89","","","","N"
"SRC","M1","14.9","1.29","93","","","","N"
"SRC","M1","14.6","0.7","54","","","","N"
"SRC","M1","17","1.74","83","","","","N"
"SRC","M1","14.9","1.07","77","","","","N"
"SRC","M1","5.7","0.05","71","","","","N"
"SRC","M1","7.4","0.12","75","","","","N"
"SRC","M1","6","0.1","120","","","","N"
"SRC","M1","7","0.05","37","","","","N"
"SRC","M1","7.8","0.18","96","","","","N"
"SRC","M1","5.6","0.04","60","","","","N"
"SRC","M1","5.1","0.02","","","","","N"
"SRC","M1","12.9","0.65","73","","","","N"
"SRC","M1","6.3","0.05","52","","","","N"
"SRC","M1","6.6","0.05","45","","","","N"
"SRC","M1","11.8","0.49","73","","","","N"
"SRC","M1","13.3","0.68","69","","","","N"
"SRC","M1","5.2","0.03","56","","","","N"
"SRC","M1","7.1","0.05","36","","","","N"
"SRC","M1","6.3","0.04","41","","","","N"
"SRC","M1","5.7","0.02","28","","","","N"
"SRC","M1","8.7","0.15","57","","","","N"
"SRC","M1","7.2","0.08","55","","","","N"
"SRC","M1","8.4","0.21","89","","","","N"
"SRC","M1","6","0.1","120","","","","N"
"SRC","M1","7.8","0.16","85","","","","N"
"SRC","M1","12","0.63","89","","","","N"
"SRC","M1","5.9","0.04","51","","","","N"
"SRC","M1","14.1","0.91","78","","","","N"
"SRC","M1","6.5","0.06","56","","","","N"
"SRC","M1","6.3","0.02","21","","","","N"
"SRC","M1","7.9","0.12","62","","","","N"
"SRC","M1","5.9","0.07","89","","","","N"
"SRC","M1","6.3","0.1","103","","","","N"
"SRC","M1","6.5","0.12","113","","","","N"
"SRC","M1","3.3","","","","","","N"
"SRC","M1","7.2","0.05","34","","","","N"
"SRC","M1","6","0.05","60","","","","N"
"SRC","M1","8.4","0.2","85","","","","N"
"SRC","M1","6.8","0.11","90","","","","N"
"SRC","M1","7.6","0.14","81","","","","N"
"SRC","M1","7.1","0.13","93","","","","N"
"SRC","M1","10.9","0.5","95","","","","N"
"SRC","M1","7.7","0.16","89","","","","N"
"SRC","M1","8.2","0.2","91","","","","N"
"SRC","M1","4.9","","","","","","N"
"SRC","M1","7.1","0.1","71","","","","N"
"SRC","M1","8.6","0.18","71","","","","N"
"SRC","M1","8.6","0.23","91","","","","N"
"SRC","M1","7.5","0.15","90","","","","N"
"SRC","M1","5.3","0.05","88","","","","N"
"SRC","M1","9.1","0.25","83","","","","N"
"SRC","M1","5.7","0.08","113","","","","N"
"SRC","M1","5.2","0.05","94","","","","N"
"SRC","M1","4.7","","","","","","N"
"SRC","M1","6.7","0.12","103","","","","N"
"SRC","M1","5.1","0.05","","","","","N"
"SRC","M1","7.2","0.12","82","","","","N"
"SRC","M1","7.1","0.11","79","","","","N"
"SRC","M1","4.6","","","","","","N"
"SRC","M1","5.9","0.07","89","","","","N"
"SRC","M1","5.5","0.06","95","","","","N"
"SRC","M1","4.9","","","","","","N"
"SRC","M1","12.2","0.58","77","","","","N"
"SRC","M1","11.4","0.52","86","","","","N"
"SRC","M1","11.1","0.46","82","","","","N"
"SRC","M1","12.3","0.66","86","","","","N"
"SRC","M1","15.6","1.49","93","","","","N"
"SRC","M1","16.8","1.89","94","","","","N"
"SRC","M1","15.2","1.24","84","","","","N"
"SRC","M1","12.9","0.73","82","","","","N"
"SRC","M1","13.6","0.85","81","","","","N"
"SRC","M1","12.6","0.76","92","","","","N"
"SRC","M1","16.1","1.6","90","","","","N"
"SRC","M1","13","0.9","99","","","","N"
"SRC","M1","11.5","0.69","111","","","","N"
"SRC","M1","10.9","0.53","100","","","","N"
"SRC","M1","12","0.78","110","","","","N"
"SRC","M1","10.6","0.59","122","","","","N"
"SRC","M1","15","1.28","90","","","","N"
"SRC","M1","11.6","0.53","83","","","","N"
"SRC","M1","14.1","1.17","100","","","","N"
"SRC","M1","11.4","0.5","82","","","","N"
"SRC","M1","13.9","0.95","85","","","","N"
"SRC","M1","12.1","0.6","82","","","","N"
"SRC","M1","12.4","0.71","90","","","","N"
"SRC","M1","13.7","0.93","87","","","","N"
"SRC","M1","13.5","0.9","88","","","","N"
"SRC","M1","5.6","0.06","89","","","","N"
"SRC","M1","6.2","0.07","76","","","","N"
"SRC","M1","5.9","0.06","76","","","","N"
"SRC","M1","4.8","","","","","","N"
"SRC","M1","5.8","0.07","94","","","","N"
"SRC","M1","7.2","0.12","82","","","","N"
"SRC","M1","5.3","0.07","124","","","","N"
"SRC","M1","7.2","0.14","96","","","","N"
"SRC","M1","5.1","0.05","","","","","N"
"SRC","M1","5.8","0.07","94","","","","N"
"SRC","M1","6.8","0.11","90","","","","N"
"SRC","M1","5.4","","","","","","N"
"SRC","M1","5.6","0.06","89","","","","N"
"SRC","M1","5.2","0.05","94","","","","N"
"SRC","M1","5.9","0.05","63","","","","N"
"SRC","M1","5.5","0.05","79","","","","N"
"SRC","M1","4.9","","","","","","N"
"SRC","M1","4.5","","","","","","N"
"SRC","M1","3","","","","","","N"
"SRC","M1","3.2","","","","","","N"
"SRC","M1","14.1","1.08","92","","","","N"
"SRC","M1","10","0.38","94","","","","N"
"SRC","M1","15","1.33","94","","","","N"
"SRC","M1","12.1","0.61","84","","","","N"
"SRC","M1","13","0.78","86","","","","N"
"SRC","M1","17.3","1.8","81","","","","N"
"SRC","M1","11.8","0.66","98","","","","N"
"SRC","M1","14.8","1.38","101","","","","N"
"SRC","M1","10","0.42","104","","","","N"
"SRC","M1","16.7","1.81","91","","","","N"
"SRC","M1","17.4","1.97","87","","","","N"
"SRC","M1","13.6","0.98","93","","","","N"
"SRC","M1","17.7","1.87","79","","","","N"
"SRC","M1","17.5","2.17","95","","","","N"
"SRC","M1","14.9","1.21","87","","","","N"
"SRC","M1","16.3","1.7","92","","","","N"
"SRC","M1","13.9","0.98","87","","","","N"
"SRC","M1","14.9","1.22","88","","","","N"
"SRC","M1","11.4","0.56","92","","","","N"
"SRC","M1","13.5","0.92","90","","","","N"
"SRC","M1","14","0.92","80","","","","N"
"SRC","M1","15.2","0.32","22","","","","N"
"SRC","M1","14.3","0.98","80","","","","N"
"SRC","M1","14","0.99","86","","","","N"
"SRC","M1","14.8","1.14","84","","","","N"
"SRC","M1","11.9","0.52","75","","","","N"
"SRC","M1","16.7","1.58","80","","","","N"
"SRC","M1","12","0.53","74","","","","N"
"SRC","M1","12.2","0.65","87","","","","N"
"SRC","M1","11.9","0.54","78","","","","N"
"SRC","M1","13.6","0.9","86","","","","N"
"SRC","M1","7.3","0.12","79","","","","N"
"SRC","M1","15.4","","","","","","N"
"SRC","M1","14.4","","","","","","N"
"SRC","M1","15.3","","","","","","N"
"SRC","M1","16.8","","","","","","N"
"SRC","M1","16.1","","","","","","N"
"SRC","M1","12.2","","","","","","N"
"SRC","M1","16.7","","","","","","N"
"SRC","M1","15.6","","","","","","N"
"SRC","M1","16.8","","","","","","N"
"SRC","M1","6.1","","","","","","N"
"SRC","M1","16.2","","","","","","N"
"SRC","M1","14.7","","","","","","N"
"SRC","M1","13.1","","","","","","N"
"SRC","M1","7.5","","","","","","N"
"SRC","M1","13.6","","","","","","N"
"SRC","M1","14.4","","","","","","N"
"SRC","M1","7","","","","","","N"
"SRC","M1","17.7","","","","","","N"
"SRC","M1","17.3","","","","","","N"
"SRC","M1","8.9","","","","","","N"
"SRC","M1","15.3","","","","","","N"
"SRC","M1","9.8","","","","","","N"
"SRC","M1","9","","","","","","N"
"SRC","M1","5.4","","","","","","N"
"SRC","M1","8","","","","","","N"
"SRC","M1","7.9","","","","","","N"
"SRC","M1","14.5","","","","","","N"
"SRC","M1","6.2","","","","","","N"
"SRC","M1","6","","","","","","N"
"SRC","M1","4.4","","","","","","N"
"SRC","M1","8","","","","","","N"
"SRC","M1","6.1","","","","","","N"
"SRC","M1","6.1","","","","","","N"
"SRC","M1","7","","","","","","N"
"SRC","M1","5.8","","","","","","N"
"SRC","M1","5.7","","","","","","N"
"SRC","M1","7.8","","","","","","N"
"SRC","M1","8.2","","","","","","N"
"SRC","M1","8.2","","","","","","N"
"SRC","M1","5.6","","","","","","N"
"SRC","M1","10","","","","","","N"
"SRC","M1","5.3","","","","","","N"
"SRC","M1","8.5","","","","","","N"
"SRC","M1","5.7","","","","","","N"
"SRC","M1","5.7","","","","","","N"
"SRC","M1","10.9","","","","","","N"
"SRC","M1","5.9","","","","","","N"
"SRC","M1","5.4","","","","","","N"
"SRC","M1","6.1","","","","","","N"
"SRC","M1","5.4","","","","","","N"
"SRC","M1","9.9","","","","","","N"
"SRC","M1","6.3","","","","","","N"
"SRC","M1","5.9","","","","","","N"
"SRC","M1","5.5","","","","","","N"
"SRC","M1","6.2","","","","","","N"
"SRC","M1","6.7","","","","","","N"
"SRC","M1","7.8","","","","","","N"
"SRC","M1","6.2","","","","","","N"
"SRC","M1","4.7","","","","","","N"
"SRC","M1","5.4","","","","","","N"
"SRC","M1","5.7","","","","","","N"
"SRC","M1","8.6","","","","","","N"
"SRC","M1","5.5","","","","","","N"
"SRC","M1","5.9","","","","","","N"
"SRC","M1","3.1","","","","","","N"
"SRC","M1","7.1","","","","","","N"
"SRC","M1","4.7","","","","","","N"
"SRC","M1","5.8","","","","","","N"
"SRC","M1","4.9","","","","","","N"
"SRC","M1","4.4","","","","","","N"
"SRC","M1","3.5","","","","","","N"
"SRC","M1","5.1","","","","","","N"
"SRC","M1","3.9","","","","","","N"
"SRC","M1","5","","","","","","N"
"SRC","M1","2.9","","","","","","N"
"SRC","M1","16.1","1.5","85","","","","N"
"SRC","M1","16.2","1.75","97","","","","N"
"SRC","M1","9.8","0.33","87","","","","N"
"SRC","M1","14","0.83","72","","","","N"
"SRC","M1","14.3","0.93","76","","","","N"
"SRC","M1","13.8","0.86","78","","","","N"
"SRC","M1","16.5","1.65","86","","","","N"
"SRC","M1","15.1","1.2","83","","","","N"
"SRC","M1","18.2","1.99","77","","","","N"
"SRC","M1","12.5","0.65","80","","","","N"
"SRC","M1","15.7","1.42","87","","","","N"
"SRC","M1","14.2","0.97","81","","","","N"
"SRC","M1","13.5","","","","","","N"
"SRC","M1","10.7","0.38","76","","","","N"
"SRC","M1","17.5","1.81","79","","","","N"
"SRC","M1","8.8","0.25","92","","","","N"
"SRC","M1","7.7","0.13","72","","","","N"
"SRC","M1","9.7","0.33","90","","","","N"
"SRC","M1","7.5","0.17","102","","","","N"
"SRC","M1","13.3","0.82","84","","","","N"
"SRC","M1","11.9","0.73","105","","","","N"
"SRC","M1","11.8","0.61","90","","","","N"
"SRC","M1","6.5","0.12","113","","","","N"
"SRC","M1","14.2","0.89","74","","","","N"
"SRC","M1","12.9","0.67","75","","","","N"
"SRC","M1","9.5","0.27","78","","","","N"
"SRC","M1","16.5","","","","","","N"
"SRC","M1","13.9","0.84","75","","","","N"
"SRC","M1","6.2","0.05","54","","","","N"
"SRC","M1","5.7","0.06","85","","","","N"
"SRC","M1","6.4","0.06","59","","","","N"
"SRC","M1","5.3","0.03","53","","","","N"
"SRC","M1","13","0.07","8","","","","N"
"SRC","M1","8","0.14","69","","","","N"
"SRC","M1","10.4","0.33","72","","","","N"
"SRC","M1","5.6","0.06","89","","","","N"
"SRC","M1","5.9","0.09","114","","","","N"
"SRC","M1","6.6","0.08","72","","","","N"
"SRC","M1","5.6","0.06","89","","","","N"
"SRC","M1","8.8","0.19","70","","","","N"
"SRC","M1","5","0.04","","","","","N"
"SRC","M1","11.7","0.57","87","","","","N"
"SRC","M1","6.8","0.07","57","","","","N"
"SRC","M1","6.6","0.11","99","","","","N"
"SRC","M1","6.5","0.09","85","","","","N"
"SRC","M1","5.4","0.06","100","","","","N"
"SRC","M1","6.6","0.06","54","","","","N"
"SRC","M1","6.3","0.09","93","","","","N"
"SRC","M1","6.7","0.07","60","","","","N"
"SRC","M1","3.6","","","","","","N"
"SRC","M1","6.4","0.09","89","","","","N"
"SRC","M1","7.2","0.12","82","","","","N"
"SRC","M1","5.7","0.07","99","","","","N"
"SRC","M1","5.9","0.11","139","","","","N"
"SRC","M1","6.6","0.08","72","","","","N"
"SRC","M1","11.6","0.49","76","","","","N"
"SRC","M1","3.4","","","","","","N"
"SRC","M1","5.7","0.08","113","","","","N"
"SRC","M1","15.4","","","","","","N"
"SRC","M1","13.4","","","","","","N"
"SRC","M1","15.1","","","","","","N"
"SRC","M1","15","","","","","","N"
"SRC","M1","12.3","","","","","","N"
"SRC","M1","12.5","","","","","","N"
"SRC","M1","6.2","","","","","","N"
"SRC","M1","14.4","","","","","","N"
"SRC","M1","11.9","","","","","","N"
"SRC","M1","12.7","","","","","","N"
"SRC","M1","14.3","","","","","","N"
"SRC","M1","5.2","","","","","","N"
"SRC","M1","15.8","","","","","","N"
"SRC","M1","13.6","","","","","","N"
"SRC","M1","12.1","","","","","","N"
"SRC","M1","16.4","","","","","","N"
"SRC","M1","13.8","","","","","","N"
"SRC","M1","7","","","","","","N"
"SRC","M1","13.2","","","","","","N"
"SRC","M1","12.5","","","","","","N"
"SRC","M1","12.7","","","","","","N"
"SRC","M1","15.6","","","","","","N"
"SRC","M1","15.3","","","","","","N"
"SRC","M1","13.7","","","","","","N"
"SRC","M1","14.5","","","","","","N"
"SRC","M1","16.6","","","","","","N"
"SRC","M1","15.5","","","","","","N"
"SRC","M1","16.4","","","","","","N"
"SRC","M1","16.2","","","","","","N"
"SRC","M1","9","","","","","","N"
"SRC","M1","10.7","","","","","","N"
"SRC","M1","12.5","","","","","","N"
"SRC","M1","13.2","","","","","","N"
"SRC","M1","3.8","","","","","","N"
"SRC","M1","7.6","","","","","","N"
"SRC","M1","8.8","","","","","","N"
"SRC","M1","12.2","","","","","","N"
"SRC","M1","8.1","","","","","","N"
"SRC","M1","15.7","","","","","","N"
"SRC","M1","13.8","","","","","","N"
"SRC","M1","15.2","","","","","","N"
"SRC","M1","16","","","AN","","","N"
"SRC","M1","14.4","","","","","","N"
"SRC","M1","16.2","","","","","","N"
"SRC","M1","5.3","","","","","","N"
"SRC","M1","16.1","","","","","","N"
"SRC","M1","5.8","","","","","","N"
"SRC","M1","16.7","","","","","","N"
"SRC","M1","17.3","","","","","","N"
"SRC","M1","11.7","","","","","","N"
"SRC","M1","17.1","","","","","","N"
"SRC","M1","16.4","","","","","","N"
"SRC","M1","12.4","","","","","","N"
"SRC","M1","11.1","","","","","","N"
"SRC","M1","5.6","","","","","","Y"
"SRC","M1","11.6","","","","","","N"
"SRC","M1","9.4","","","","","","N"
"SRC","M1","12.4","","","","","","N"
"SRC","M1","16.3","","","","","","N"
"SRC","M1","6.8","","","","","","Y"
"SRC","M1","15.3","","","","","","N"
"SRC","M1","10.4","","","","","","N"
"SRC","M1","12.4","","","","","","N"
"SRC","M1","11.5","","","","","","N"
"SRC","M1","13.9","","","","","","N"
"SRC","M1","11.2","","","","","","N"
"SRC","M1","15.3","","","","","","N"
"SRC","M1","6","","","","","","N"
"SRC","M1","13","","","","","","N"
"SRC","M1","10.1","","","","","","N"
"SRC","M1","15.7","","","","","","N"
"SRC","M1","13.5","","","","","","N"
"SRC","M1","11.5","","","","","","N"
"SRC","M1","15.2","","","","","","N"
"SRC","M1","12.1","","","","","","N"
"SRC","M1","15.8","","","","","","N"
"SRC","M1","5.3","","","","","","N"
"SRC","M1","14.1","","","","","","N"
"SRC","M1","14.1","","","","","","N"
"SRC","M1","16.3","","","","","","N"
"SRC","M1","12.6","","","","","","Y"
"SRC","M1","12.6","","","","","","N"
"SRC","M1","15.2","","","","","","N"
"SRC","M1","6.5","","","","","","N"
"SRC","M1","6.4","","","","","","N"
"SRC","M1","5.6","","","","","","N"
"SRC","M1","11.2","","","","","","N"
"SRC","M1","11","","","","","","N"
"SRC","M1","11.7","","","","","","N"
"SRC","M1","11.9","","","","","","N"
"SRC","M1","11.2","","","","","","N"
"SRC","M1","11.4","","","","","","N"
"SRC","M1","6.4","","","","","","N"
"SRC","M1","12.1","","","","","","N"
"SRC","M1","15.8","","","","","","N"
"SRC","M1","11.7","","","","","","N"
"SRC","M1","11.1","","","","","","N"
"SRC","M1","5.5","","","","","","N"
"SRC","M1","10.2","","","","","","N"
"SRC","M1","8.4","","","","","","N"
"SRC","M1","5.3","","","","","","N"
"SRC","M1","13.4","","","","","","N"
"SRC","M1","12","","","","","","N"
"SRC","M1","15.3","","","","","","N"
"SRC","M1","8.8","","","","","","N"
"SRC","M1","5.6","","","","","","N"
"SRC","M1","7.7","","","","","","N"
"SRC","M1","5.8","","","","","","N"
"SRC","M1","14.7","","","","","","N"
"SRC","M1","6.5","","","","","","N"
"SRC","M1","11.5","","","","","","N"
"SRC","M1","6.7","","","","","","N"
"SRC","M1","7.6","","","","","","N"
"SRC","M1","5.5","","","","","","N"
"SRC","M1","5.5","","","","","","N"
"SRC","M1","7.4","","","","","","N"
"SRC","M1","11.2","","","","","","N"
"SRC","M1","5.6","","","","","","N"
"SRC","M1","6.8","","","","","","N"
"SRC","M1","6.1","","","","","","N"
"SRC","M1","8.3","","","","","","N"
"SRC","M1","6.3","","","","","","N"
"SRC","M1","5.8","","","","","","N"
"SRC","M1","6.8","","","","","","N"
"SRC","M1","5.8","","","","","","N"
"SRC","M1","5.4","","","","","","N"
"BKT","P1","9.7","","","","","","N"
"SRC","M1","14.5","1.3","102","","","","N"
"SRC","M1","17.9","2.14","87","","","","N"
"SRC","M1","14.5","1.1","86","","","","N"
"SRC","M1","12","0.66","93","","","","N"
"SRC","M1","11.4","0.5","82","","","","N"
"SRC","M1","12","0.71","100","","","","N"
"SRC","M1","12.6","0.7","85","","","","N"
"SRC","M1","10.3","0.47","106","","","","N"
"SRC","M1","10.4","0.46","101","","","","N"
"SRC","M1","15.2","1.24","84","","","","N"
"SRC","M1","14.1","1.09","93","","","","N"
"SRC","M1","6","0.14","169","","","","N"
"SRC","M1","16","1.63","94","","","","N"
"SRC","M1","11.1","0.49","88","","","","N"
"SRC","M1","13.4","0.88","88","","","","N"
"SRC","M1","9","0.23","79","","","","N"
"SRC","M1","6.7","0.09","77","","","","N"
"SRC","M1","11.2","0.48","84","","","","N"
"SRC","M1","7.1","0.11","79","","","","N"
"SRC","M1","12","0.55","77","","","","N"
"SRC","M1","10.8","0.38","74","","","","N"
"SRC","M1","7.1","0.46","329","","","","N"
"SRC","M1","5.9","0.08","101","","","","N"
"SRC","M1","3.5","","","","","","N"
"SRC","M1","5.1","0.07","","","","","N"
"SRC","M1","6","0.07","84","","","","N"
"SRC","M1","6.1","0.04","46","","","","N"
"SRC","M1","6.1","0.03","34","","","","N"
"SRC","M1","11.7","0.43","65","","","","N"
"SRC","M1","6.4","0.12","118","","","","N"
"SRC","M1","11.6","0.46","72","","","","N"
"SRC","M1","4.4","","","","","","N"
"SRC","M1","5.1","0.05","","","","","N"
"SRC","M1","7.3","0.12","79","","","","N"
"SRC","M1","5.9","0.02","25","","","","N"
"SRC","M1","5.3","0.03","53","","","","N"
"SRC","M1","8.4","0.07","30","","","","N"
"SRC","M1","5.9","0.06","76","","","","N"
"SRC","M1","7.7","0.17","94","","","","N"
"SRC","M1","5.4","0.06","100","","","","N"
"SRC","M1","5.4","0.05","83","","","","N"
"SRC","M1","5.6","0.05","75","","","","N"
"SRC","M1","3.2","","","","","","N"
"SRC","M1","15.3","","","","","","N"
"SRC","M1","17.3","2.25","102","","","","N"
"SRC","M1","16.1","1.56","88","","","","N"
"SRC","M1","13.4","0.92","92","","","","N"
"SRC","M1","12.1","0.6","82","","","","N"
"SRC","M1","11.3","0.61","103","","","","N"
"SRC","M1","11.7","0.67","102","","","","N"
"SRC","M1","13.8","0.92","84","","","","N"
"SRC","M1","18.3","2.33","89","","","","N"
"SRC","M1","11.2","0.52","90","","","","N"
"SRC","M1","16.6","1.81","93","","","","N"
"SRC","M1","15.2","1.3","88","","","","N"
"SRC","M1","13.7","0.9","84","","","","N"
"SRC","M1","16.1","1.88","106","","","","N"
"SRC","M1","12","0.56","79","","","","N"
"SRC","M1","13.5","0.96","94","","","","N"
"SRC","M1","13.1","0.85","91","","","","N"
"SRC","M1","12.7","0.88","104","","","","N"
"SRC","M1","11.1","0.52","93","","","","N"
"SRC","M1","16.9","1.72","84","","","","N"
"SRC","M1","11.5","0.57","91","","","","N"
"SRC","M1","13.3","1","102","","","","N"
"SRC","M1","13.1","0.78","83","","","","N"
"SRC","M1","6.1","0.09","103","","","","N"
"SRC","M1","12","0.6","84","","","","N"
"SRC","M1","14.1","1.08","92","","","","N"
"SRC","M1","13.9","0.96","86","","","","N"
"SRC","M1","16.5","1.62","85","","","","N"
"SRC","M1","16.1","1.47","83","","","","N"
"SRC","M1","16.1","1.52","86","","","","N"
"SRC","M1","13","0.75","82","","","","N"
"SRC","M1","11.2","0.49","85","","","","N"
"SRC","M1","10.5","0.49","104","","","","N"
"SRC","M1","14.6","1.15","88","","","","N"
"SRC","M2","15.6","1.24","77","","","","N"
"SRC","M2","16.6","1.72","88","","","","N"
"SRC","M2","17.8","2.05","85","","","","N"
"SRC","M2","14.4","1.1","88","","","","N"
"SRC","M2","14.3","1.02","83","","","","N"
"SRC","R2-1","14.7","","","","","","N"
"SRC","M2","10.5","0.42","89","","","","N"
"SRC","M2","11.3","0.53","90","","","","N"
"SRC","M2","9.5","0.32","93","","","","N"
"SRC","M2","12.2","0.67","89","","","","N"
"SRC","M2","11.2","0.45","78","","","","N"
"SRC","R2-1","13.5","","","","","","N"
"SRC","R2-1","16.1","","","","","","N"
"SRC","M2","16.2","1.61","89","","","","N"
"SRC","R2-1","16.6","","","","","","N"
"SRC","R2-1","13.8","","","","","","N"
"SRC","M2","11.8","0.61","90","","","","N"
"SRC","R2-1","15.1","","","","","","N"
"SRC","M2","13.8","0.94","86","","","","N"
"SRC","M2","11.5","0.58","93","","","","N"
"SRC","M2","16.6","1.57","81","","","","N"
"SRC","R2-1","11.2","","","","","","N"
"SRC","M2","12.9","0.75","84","","","","N"
"SRC","M2","14.6","1.14","87","","","","N"
"SRC","R2-1","14.7","","","","","","N"
"SRC","M2","16.7","1.8","91","","","","N"
"SRC","R2-1","17.7","","","","","","N"
"SRC","R2-1","17.8","","","","","","N"
"SRC","R2-1","15.8","","","","","","N"
"SRC","M2","11.3","0.54","91","","","","N"
"SRC","R2-1","13.1","","","","","","N"
"SRC","M2","14.1","1.04","89","","","","N"
"SRC","M2","11.2","0.5","87","","","","N"
"SRC","M2","11.8","0.58","86","","","","N"
"SRC","M2","11.5","0.6","96","","","","N"
"SRC","M2","13.7","0.92","86","","","","N"
"SRC","M2","13","0.81","89","","","","N"
"SRC","M2","10.8","0.42","82","","","","N"
"SRC","M2","11.1","0.49","88","","","","N"
"SRC","M2","11","0.43","79","","","","N"
"SRC","M2","12.1","0.67","92","","","","N"
"SRC","M2","10.1","0.36","86","","","","N"
"SRC","M2","7.1","0.13","93","","","","N"
"SRC","M2","11.4","0.55","91","","","","N"
"SRC","M2","16.7","1.6","81","","","","N"
"SRC","M2","15.4","1.37","89","","","","N"
"SRC","R2-1","17.2","","","","","","N"
"SRC","M2","17.4","1.55","69","","","","N"
"SRC","M2","17","1.76","84","","","","N"
"SRC","M2","13.2","0.87","91","","","","N"
"SRC","M2","16","1.48","85","","","","N"
"SRC","M2","14.3","1.07","87","","","","N"
"SRC","R2-1","15.8","","","","","","N"
"SRC","M2","16.6","1.35","69","","","","N"
"SRC","M2","14.5","1.01","79","","","","N"
"SRC","R2-1","15.9","","","","","","N"
"SRC","R2-1","15.1","","","","","","N"
"SRC","M2","11.5","0.51","82","","","","N"
"SRC","M2","13.1","0.8","86","","","","N"
"SRC","M2","18.5","2.5","92","","","","N"
"SRC","R2-1","15.5","","","","","","N"
"SRC","R2-1","18.9","","","","","","N"
"SRC","M2","15.3","1.21","80","","","","N"
"SRC","M2","14.3","1.01","82","","","","N"
"SRC","M2","14.3","1.01","82","","","","N"
"SRC","M2","13.9","0.96","86","","","","N"
"SRC","M2","15.4","1.08","70","","","","N"
"SRC","M2","13.3","0.82","84","","","","N"
"SRC","R2-1","14.2","","","","","","N"
"SRC","M2","15.8","1.39","83","","","","N"
"SRC","M2","16.5","1.53","80","","","","N"
"SRC","M2","11.7","0.55","84","","","","N"
"SRC","M2","10.4","0.37","81","","","","N"
"SRC","M2","10.5","0.4","85","","","","N"
"SRC","M2","14.9","1.15","83","","","","N"
"SRC","M2","14","0.89","78","","","","N"
"SRC","R2-1","14.7","","","","","","N"
"SRC","M2","10.6","0.44","91","","","","N"
"SRC","R2-1","14","","","","","","N"
"SRC","M2","8.1","0.14","66","","","","N"
"SRC","R2-1","5.6","","","","","","N"
"SRC","M2","4.3","","","","","","N"
"SRC","M2","10.9","4.8","908","","","","N"
"SRC","R2-1","13.7","","","","","","N"
"SRC","M2","13.6","0.85","81","","","","N"
"SRC","M2","13.6","0.75","71","","","","N"
"SRC","R2-1","15.7","","","","","","N"
"SRC","M2","15.5","1.26","80","","","","N"
"SRC","R2-1","14.3","","","","","","N"
"SRC","R2-1","16","","","","","","N"
"SRC","M2","10.3","3.8","857","","","","N"
"SRC","R2-1","15.4","","","","","","N"
"SRC","M2","17.1","2","94","","","","N"
"SRC","R2-1","16.6","","","","","","N"
"SRC","M2","15.5","1.4","89","","","","N"
"SRC","M2","13.6","0.87","83","","","","N"
"SRC","M2","15.2","1.24","84","","","","N"
"SRC","M2","8.3","0.19","84","","","","N"
"SRC","M2","10.9","0.47","89","","","","N"
"SRC","M2","16.7","1.92","97","","","","N"
"SRC","M2","10.6","0.42","87","","","","N"
"SRC","M2","13.2","0.78","82","","","","N"
"SRC","M2","11","0.45","83","","","","N"
"SRC","M2","11.2","0.37","64","","","","N"
"SRC","M2","9.8","0.28","74","","","","N"
"SRC","M2","8.6","0.19","75","","","","N"
"SRC","M2","15","1.18","83","","","","N"
"SRC","M2","15.4","1.22","79","","","","N"
"SRC","M2","9.7","0.28","76","","","","N"
"SRC","M2","13.4","0.83","83","","","","N"
"SRC","M2","9.7","0.3","81","","","","N"
"SRC","R2-1","16.8","","","","","","N"
"SRC","M2","11.3","0.45","76","","","","N"
"SRC","M2","10.7","0.37","74","","","","N"
"SRC","M2","10.7","0.36","72","","","","N"
"SRC","M2","16.4","1.52","81","","","","N"
"SRC","R2-1","10.1","","","","","","N"
"SRC","M2","12.4","0.68","86","","","","N"
"SRC","M2","13","0.72","79","","","","N"
"SRC","R2-1","5.7","","","","","","N"
"SRC","R2-1","5.8","","","","","","N"
"SRC","M2","8.8","0.21","77","","","","N"
"SRC","M2","7","0.1","75","","","","N"
"SRC","M2","8.8","0.23","84","","","","N"
"SRC","M2","10.5","0.38","81","","","","N"
"SRC","M2","5.8","0.05","67","","","","N"
"SRC","R2-1","8","","","","","","N"
"SRC","M2","10","0.3","74","","","","N"
"SRC","M2","11.9","0.54","78","","","","N"
"SRC","M2","6.7","0.09","77","","","","N"
"SRC","M2","6.3","0.07","72","","","","N"
"SRC","M2","9.5","0.33","96","","","","N"
"SRC","R2-1","5","","","","","","N"
"SRC","M2","9.3","0.25","77","","","","N"
"SRC","M2","6.6","0.09","81","","","","N"
"SRC","M2","5.6","0.06","89","","","","N"
"SRC","R2-1","7.1","","","","","","N"
"SRC","R2-1","5.7","","","","","","N"
"SRC","M2","5","0.04","","","","","N"
"SRC","M2","6.9","0.09","70","","","","N"
"SRC","M2","7.6","0.12","69","","","","N"
"SRC","M2","9","0.23","79","","","","N"
"SRC","M2","3.3","","","","","","N"
"SRC","M2","7.9","0.16","82","","","","N"
"SRC","M2","10.7","0.34","68","","","","N"
"SRC","M2","7.4","0.14","88","","","","N"
"SRC","R2-1","6.3","","","","","","N"
"SRC","R2-1","6.9","","","","","","N"
"SRC","M2","8.5","0.18","74","","","","N"
"SRC","M2","10.1","0.31","74","","","","N"
"SRC","M2","6.1","0.07","80","","","","N"
"SRC","M2","5","0.01","","","","","N"
"SRC","M2","7.3","0.12","79","","","","N"
"SRC","R2-1","6.2","","","","","","N"
"SRC","R2-1","6.3","","","","","","N"
"SRC","M2","8.5","0.2","82","","","","N"
"SRC","M2","8.4","0.18","76","","","","N"
"SRC","M2","5.1","0.03","","","","","N"
"SRC","M2","7.6","0.13","75","","","","N"
"SRC","M2","6.9","0.1","78","","","","N"
"SRC","M2","7.7","0.13","72","","","","N"
"SRC","M2","5.1","0.04","","","","","N"
"SRC","M2","5.4","0.05","83","","","","N"
"SRC","M2","5.8","0.06","80","","","","N"
"SRC","M2","5.3","0.03","53","","","","N"
"SRC","M2","5.9","0.06","76","","","","N"
"SRC","M2","5.2","0.04","75","","","","N"
"SRC","M2","7.1","0.11","79","","","","N"
"SRC","R2-1","6.5","","","","","","N"
"SRC","M2","3.2","","","","","","N"
"SRC","M2","4.9","","","","","","N"
"SRC","R2-1","6.1","","","","","","N"
"SRC","R2-1","5.1","","","","","","N"
"SRC","M2","3.4","","","","","","N"
"SRC","M2","6.1","0.09","103","","","","N"
"SRC","R2-1","6.8","","","","","","N"
"SRC","R2-1","5.2","","","","","","N"
"SRC","M2","4.7","","","","","","N"
"SRC","R2-1","5.5","","","","","","N"
"SRC","M2","5.7","0.07","99","","","","N"
"SRC","M2","6","0.07","84","","","","N"
"SRC","M2","3","","","","","","N"
"SRC","M2","3.8","","","","","","N"
"SRC","M2","13.7","0.88","82","","","","N"
"SRC","M2","11.7","0.56","85","","","","N"
"SRC","M2","15.5","1.2","76","","","","N"
"SRC","M2","18.2","2.09","81","","","","N"
"SRC","M2","16.4","1.06","57","","","","N"
"SRC","M2","18.6","2.4","87","","","","N"
"SRC","M2","18.1","2.38","94","","","","N"
"SRC","M2","14.1","0.96","82","","","","N"
"SRC","M2","16.1","1.48","84","","","","N"
"SRC","R2-1","15.1","","","","","","N"
"SRC","M2","13.6","0.92","88","","","","N"
"SRC","M2","14.5","1.05","82","","","","N"
"SRC","M2","14.1","0.9","77","","","","N"
"SRC","M2","15.1","1.31","90","","","","N"
"SRC","M2","15.4","1.19","77","","","","N"
"SRC","M2","17.2","2.49","115","","","","N"
"SRC","M2","16.5","1.67","87","","","","N"
"SRC","M2","16","1.4","81","","","","N"
"SRC","R2-1","18.2","","","","","","N"
"SRC","R2-1","17.2","","","","","","N"
"SRC","M2","16.9","1.7","83","","","","N"
"SRC","M2","11.7","0.53","81","","","","N"
"SRC","R2-1","15","","","","","","N"
"SRC","M2","8.2","0.16","73","","","","N"
"SRC","M2","16","1.48","85","","","","N"
"SRC","M2","15.9","1.33","78","","","","N"
"SRC","M2","15.3","1.14","75","","","","N"
"SRC","M2","9.6","0.3","84","","","","N"
"SRC","M2","12.2","0.63","84","","","","N"
"SRC","R2-1","15.1","","","","","","N"
"SRC","M2","13","0.99","109","","","","N"
"SRC","M2","16.2","1.47","81","","","","N"
"SRC","R2-1","18.1","","","","","","N"
"SRC","M2","15","1.25","88","","","","N"
"SRC","R2-1","15.4","","","","","","N"
"SRC","M2","15.4","1.19","77","","","","N"
"SRC","M2","14.1","0.96","82","","","","N"
"SRC","M2","12.1","0.68","93","","","","N"
"SRC","R2-1","9.5","","","","","","N"
"SRC","M2","7.3","0.11","72","","","","N"
"SRC","M2","12.5","0.69","85","","","","N"
"SRC","M2","11.3","0.47","80","","","","N"
"SRC","M2","15.7","1.37","84","","","","N"
"SRC","M2","8.4","0.19","81","","","","N"
"SRC","M2","14.2","0.98","82","","","","N"
"SRC","R2-1","15.3","","","","","","N"
"SRC","M2","11.9","0.57","82","","","","N"
"SRC","R2-1","14.7","","","","","","N"
"SRC","M2","10.5","0.32","68","","","","N"
"SRC","M2","16.8","1.63","81","","","","N"
"SRC","M2","7.5","0.1","60","","","","N"
"SRC","R2-1","6.2","","","","","","N"
"SRC","R2-1","8.1","","","","","","N"
"SRC","M2","9.1","0.25","83","","","","N"
"SRC","M2","10.4","0.39","85","","","","N"
"SRC","M2","14.7","0.98","73","","","","N"
"SRC","M2","13.4","0.87","87","","","","N"
"SRC","M2","7.2","0.09","62","","","","N"
"SRC","R2-1","6.3","","","","","","N"
"SRC","R2-1","5.1","","","","","","N"
"SRC","M2","10.6","0.41","85","","","","N"
"SRC","M2","8.2","0.16","73","","","","N"
"SRC","M2","7.1","0.1","71","","","","N"
"SRC","M2","5.3","0.03","53","","","","N"
"SRC","M2","8.7","0.18","69","","","","N"
"SRC","M2","5.9","0.06","76","","","","N"
"SRC","M2","8","0.16","79","","","","N"
"SRC","M2","6.1","0.07","80","","","","N"
"SRC","M2","5.4","0.06","100","","","","N"
"SRC","M2","5.6","0.07","104","","","","N"
"SRC","R2-1","9.9","","","","","","N"
"SRC","M2","7.1","0.15","107","","","","N"
"SRC","M2","7.7","0.15","83","","","","N"
"SRC","M2","6","0.07","84","","","","N"
"SRC","M2","4.7","","","","","","N"
"SRC","M2","5.2","0.03","56","","","","N"
"SRC","R2-1","7.6","","","","","","N"
"SRC","M2","6.4","0.08","79","","","","N"
"SRC","M2","5.5","0.05","79","","","","N"
"SRC","M2","5","0.06","","","","","N"
"SRC","M2","4.9","","","","","","N"
"SRC","M2","5.4","0.03","50","","","","N"
"SRC","M2","4.6","","","","","","N"
"SRC","M2","4.9","","","","","","N"
"SRC","M2","4.9","","","","","","N"
"SRC","R2-1","5.5","","","","","","N"
"SRC","M2","6.6","0.07","63","","","","N"
"SRC","R2-1","7.8","","","","","","N"
"SRC","M2","4.8","","","","","","N"
"SRC","M2","7.7","0.14","78","","","","N"
"SRC","M2","5.1","0.05","","","","","N"
"SRC","M2","5.9","0.06","76","","","","N"
"SRC","M2","5.7","0.05","71","","","","N"
"SRC","M2","5.6","0.06","89","","","","N"
"SRC","M2","5.7","0.05","71","","","","N"
"SRC","M2","6.1","0.05","57","","","","N"
"SRC","M2","5","0.03","","","","","N"
"SRC","M2","3.1","","","","","","Y"
"SRC","M2","16.4","1.48","79","","","","N"
"SRC","R2-1","14.9","","","","","","N"
"SRC","M2","14.1","0.94","80","","","","N"
"SRC","M2","15.3","1.26","83","","","","N"
"SRC","M2","4.8","","","","","","N"
"SRC","M2","12.3","0.64","83","","","","N"
"SRC","M2","8.4","0.18","76","","","","N"
"SRC","M2","7.3","0.14","92","","","","N"
"SRC","M2","14","0.96","84","","","","N"
"SRC","M2","7.7","0.13","72","","","","N"
"SRC","M2","9","0.22","75","","","","N"
"SRC","M2","6.3","0.08","83","","","","N"
"SRC","M2","11","0.42","77","","","","N"
"SRC","M2","10.4","0.34","74","","","","N"
"SRC","M2","10.5","0.34","72","","","","N"
"SRC","M2","6.6","0.08","72","","","","N"
"SRC","M2","6.1","0.07","80","","","","N"
"SRC","M2","6.2","0.08","87","","","","N"
"SRC","M2","6.5","0.08","75","","","","N"
"SRC","M2","7.2","0.1","68","","","","N"
"SRC","M2","7.7","0.12","67","","","","N"
"SRC","M2","4.8","","","","","","N"
"SRC","M2","7.2","0.09","62","","","","N"
"SRC","M2","8.9","0.22","78","","","","N"
"SRC","M2","5.6","0.05","75","","","","N"
"SRC","M2","5.1","0.06","","","","","N"
"SRC","M2","8.2","0.21","96","","","","N"
"SRC","M2","5.3","0.02","35","","","","N"
"SRC","M2","6.8","0.07","57","","","","N"
"SRC","M2","5.9","0.06","76","","","","N"
"SRC","M2","5.3","0.05","88","","","","N"
"SRC","M2","16.6","1.64","84","","","","N"
"SRC","M2","17.3","2.02","91","","","","N"
"SRC","M2","16.8","1.81","90","","","","N"
"SRC","R2-1","13.1","","","","","","N"
"SRC","M2","12.4","0.67","85","","","","N"
"SRC","M2","9.6","0.33","93","","","","N"
"SRC","M2","14.1","1.06","90","","","","N"
"SRC","M2","14.5","1.13","88","","","","N"
"SRC","M2","15.1","1.23","85","","","","N"
"SRC","M2","13.8","0.94","86","","","","N"
"SRC","M2","17.5","1.92","84","","","","N"
"SRC","M2","14.6","1.14","87","","","","N"
"SRC","M2","11","0.42","77","","","","N"
"SRC","M2","13.3","0.81","83","","","","N"
"SRC","M2","11.3","0.48","81","","","","N"
"SRC","M2","8.6","0.21","83","","","","N"
"SRC","M2","13.8","1.01","92","","","","N"
"SRC","M2","13.2","0.72","75","","","","N"
"SRC","M2","11.1","0.48","86","","","","N"
"SRC","M2","14.8","1.29","95","","","","N"
"SRC","R2-1","12.7","","","","","","N"
"SRC","M2","16.3","1.56","85","","","","N"
"SRC","M2","13.5","0.86","84","","","","N"
"SRC","M2","13","0.84","92","","","","N"
"SRC","M2","17.8","1.88","78","","","","N"
"SRC","M2","13","0.81","89","","","","N"
"SRC","M2","11.9","0.6","87","","","","N"
"SRC","M2","14.7","1.08","81","","","","N"
"SRC","M2","15.7","1.4","86","","","","N"
"SRC","M2","13.7","0.94","88","","","","N"
"SRC","M2","16.5","1.5","79","","","","N"
"SRC","M2","15.5","1.38","88","","","","N"
"SRC","R2-1","7.1","","","","","","N"
"SRC","M2","10.7","0.47","94","","","","N"
"SRC","M2","11.4","0.47","77","","","","N"
"SRC","R2-1","10","","","","","","N"
"SRC","M2","12.7","0.71","84","","","","N"
"SRC","M2","11.1","0.46","82","LP","","","N"
"SRC","M2","10.9","0.51","97","","","","N"
"SRC","M2","13.8","0.84","77","","","","N"
"SRC","M2","14.5","0.93","73","","","","N"
"SRC","M2","9","0.21","72","","","","N"
"SRC","M2","5.5","0.06","95","","","","N"
"SRC","M2","4.9","","","","","","N"
"SRC","M2","7.6","0.12","69","","","","N"
"SRC","M2","6.8","0.1","82","","","","N"
"SRC","M2","6.6","0.1","90","","","","N"
"SRC","M2","9.4","0.26","78","","","","N"
"SRC","M2","14.1","0.9","77","","","","N"
"SRC","M2","8.3","0.17","75","","","","N"
"SRC","M2","8.3","0.19","84","","","","N"
"SRC","M2","10.9","0.47","89","","","","N"
"SRC","M2","5","0.04","","","","","N"
"SRC","M2","4.5","","","","","","N"
"SRC","M2","5.8","0.06","80","","","","N"
"SRC","M2","4.6","","","","","","N"
"SRC","M2","4.6","","","","","","N"
"SRC","M2","5.1","0.04","","","","","N"
"SRC","M2","5.1","0.04","","","","","N"
"SRC","M2","4.8","","","","","","N"
"SRC","M2","5.4","0.05","83","","","","N"
"SRC","M2","5.7","0.06","85","","","","N"
"SRC","M2","6.3","0.07","72","","","","N"
"SRC","M2","7.8","0.16","85","","","","N"
"SRC","M2","15.6","1.45","90","","","","N"
"SRC","M2","14","0.96","84","","","","N"
"SRC","M2","6.7","0.11","94","","","","N"
"SRC","R2-1","7.3","","","","","","N"
"SRC","R2-1","6.7","","","","","","N"
"SRC","M2","5.1","0.02","","","","","N"
"SRC","M2","6.1","","","","","","N"
"SRC","M2","6.4","","","","","","N"
"SRC","M2","6.9","","","","","","N"
"SRC","M2","7.3","","","","","","N"
"SRC","M2","6.1","","","","","","N"
"SRC","M2","7.2","","","","","","N"
"SRC","M2","5.1","","","","","","N"
"SRC","M2","5.4","","","","","","N"
"SRC","M2","11.7","0.51","77","","","","N"
"SRC","R2-1","5.8","","","","","","N"
"SRC","M2","6.2","","","","","","N"
"SRC","M2","6.6","","","","","","N"
"SRC","M2","7.7","","","","","","N"
"SRC","M2","4.3","","","","","","N"
"SRC","M2","6.4","","","","","","N"
"SRC","R2-1","8.1","","","","","","N"
"SRC","M2","4.6","","","","","","N"
"SRC","M2","5.1","0.06","","","","","N"
"SRC","M2","5.9","0.07","89","","","","N"
"SRC","M2","4.8","","","","","","N"
"SRC","M2","5.2","0.03","56","","","","N"
"SRC","M2","4.6","","","","","","N"
"SRC","R2-1","5.9","","","","","","N"
"SRC","M2","5.7","0.05","71","","","","N"
"SRC","M2","6.2","0.05","54","","","","N"
"SRC","M2","6","0.05","60","","","","N"
"SRC","R2-1","7.4","","","","","","N"
"SRC","M2","6.7","","","","","","N"
"SRC","R2-1","5.6","","","","","","N"
"SRC","M2","5.3","0.03","53","","","","N"
"SRC","M2","5.4","","","","","","N"
"SRC","R2-1","6.1","","","","","","N"
"SRC","M2","6","","","","","","N"
"SRC","M2","5.1","","","","","","N"
"SRC","M2","6.7","","","","","","N"
"SRC","M2","5.3","","","","","","N"
"SRC","M2","6.6","","","","","","N"
"SRC","M2","6.3","","","","","","N"
"SRC","M2","5.6","","","","","","N"
"SRC","M2","6.9","","","","","","N"
"SRC","M2","4.7","","","","","","N"
"SRC","M2","4.7","","","","","","N"
"SRC","M2","4.9","","","","","","N"
"SRC","M2","6.1","","","","","","N"
"SRC","M2","5","","","","","","N"
"SRC","M2","4.7","","","","","","N"
"SRC","M2","6.5","0.09","85","","","","N"
"SRC","R2-1","5.6","","","","","","N"
"SRC","M2","3.2","","","","","","N"
"SRC","M2","3","","","","","","N"
"SRC","M2","3.9","","","","","","N"
"SRC","M2","4.1","","","","","","N"
"SRC","M2","6.1","","","","","","N"
"SRC","R2-1","8.1","","","","","","N"
"SRC","M2","14.3","1.12","91","","","","N"
"SRC","M2","14.7","1.06","79","","","","N"
"SRC","M2","17.3","1.86","84","","","","N"
"SRC","M2","16","1.4","81","","","","N"
"SRC","M2","16.2","1.56","86","","","","N"
"SRC","R2-1","15","","","","","","N"
"SRC","M2","9.2","0.26","83","","","","N"
"SRC","R2-1","7.6","","","","","","N"
"SRC","M2","10.6","0.4","83","","","","N"
"SRC","M2","14.2","1.06","88","","","","N"
"SRC","R2-1","9","","","","","","N"
"SRC","M2","6.5","0.08","75","","","","N"
"SRC","M2","11.5","0.49","79","","","","N"
"SRC","M2","8.5","0.23","94","","","","N"
"SRC","R2-1","7.8","","","","","","N"
"SRC","M2","8.8","0.18","66","","","","N"
"SRC","R2-1","8.2","","","","","","N"
"SRC","M2","8.7","0.21","80","","","","N"
"SRC","R2-1","9.2","","","","","","N"
"SRC","R2-1","8.1","","","","","","N"
"SRC","M2","6.7","0.1","86","","","","N"
"SRC","M2","6.1","0.08","91","","","","N"
"SRC","R2-1","10","","","","","","N"
"SRC","M2","10.2","0.32","74","","","","N"
"SRC","M2","9.2","0.25","80","","","","N"
"SRC","R2-1","7.4","","","","","","N"
"SRC","M2","8.4","0.18","76","","","","N"
"SRC","R2-1","5.5","","","","","","N"
"SRC","M2","6.2","0.07","76","","","","N"
"SRC","M2","6.3","0.08","83","","","","N"
"SRC","M2","6.1","0.06","69","","","","N"
"SRC","M2","7.9","0.14","72","","","","N"
"SRC","M2","4","","","","","","N"
"SRC","M2","6.1","0.06","69","","","","N"
"SRC","M2","5.5","0.05","79","","","","N"
"SRC","M2","5.4","0.05","83","","","","N"
"SRC","M2","5","0.04","","","","","N"
"SRC","R2-1","6.8","","","","","","N"
"SRC","M2","8.3","0.19","84","","","","N"
"SRC","M2","6.5","0.08","75","","","","N"
"SRC","M2","5.4","0.05","83","","","","N"
"SRC","M2","4.9","","","","","","N"
"SRC","M2","5.8","0.06","80","","","","N"
"SRC","R2-1","6","","","","","","N"
"SRC","M2","6.1","0.06","69","","","","N"
"SRC","M2","6.3","0.06","62","","","","N"
"SRC","R2-1","6.1","","","","","","N"
"SRC","M2","5.6","0.05","75","","","","N"
"SRC","M2","5.1","0.03","","","","","N"
"SRC","M2","5","0.03","","","","","N"
"SRC","M2","6.6","0.07","63","","","","N"
"SRC","M2","5.7","0.05","71","","","","N"
"SRC","M2","5.9","0.07","89","","","","N"
"SRC","R2-1","5.9","","","","","","N"
"SRC","M2","4.4","","","","","","N"
"SRC","M2","6","0.06","72","","","","N"
"SRC","M2","6.3","0.07","72","","","","N"
"SRC","M2","4.4","","","","","","N"
"SRC","R2-1","18.5","","","","","","N"
"SRC","M2","7.3","0.12","79","","","","N"
"SRC","M2","12.6","0.67","81","","","","N"
"SRC","M2","9","0.25","86","","","","N"
"SRC","R2-1","15.9","","","","","","N"
"SRC","M2","16.9","1.71","83","","","","N"
"SRC","M2","16.5","1.64","86","","","","N"
"SRC","M2","15.9","1.54","90","","","","N"
"SRC","M2","15.6","1.45","90","","","","N"
"SRC","R2-1","16.8","","","","","","N"
"SRC","M2","15.1","1.26","87","","","","N"
"SRC","M2","11.2","0.49","85","","","","N"
"SRC","M2","15.5","1.14","72","","","","N"
"SRC","M2","14.5","1.12","88","","","","N"
"SRC","R2-1","14.6","","","","","","N"
"SRC","R2-1","13.7","","","","","","N"
"SRC","M2","12.8","0.87","100","","","","N"
"SRC","M2","13.5","0.84","82","","","","N"
"SRC","M2","14.8","","","","","","N"
"SRC","M2","15.6","","","","","","N"
"SRC","M2","13.3","","","","","","N"
"SRC","M2","16.4","","","","","","N"
"SRC","M2","15.7","","","","","","N"
"SRC","M2","13.3","","","","","","N"
"SRC","M2","16.5","","","","","","N"
"SRC","M2","8.5","","","","","","N"
"SRC","M2","10","","","","","","N"
"SRC","M2","6.3","","","","","","N"
"SRC","M2","4.6","","","","","","N"
"SRC","M2","4","","","","","","N"
"SRC","M2","7.5","","","","","","N"
"SRC","M2","5.7","","","","","","N"
"SRC","M2","13.8","","","","","","N"
"SRC","M2","11.2","","","","","","N"
"SRC","M2","7.2","","","","","","N"
"SRC","M2","5.7","","","","","","N"
"SRC","R2-1","5.6","","","","","","N"
"SRC","M2","4.8","","","","","","N"
"SRC","M2","10.3","","","","","","N"
"SRC","M2","6.3","","","","","","N"
"SRC","R2-1","7.3","","","","","","N"
"SRC","R2-1","8.9","","","","","","N"
"SRC","M2","5.7","","","","","","N"
"SRC","M2","4.7","","","","","","N"
"SRC","M2","7.6","","","","","","N"
"SRC","M2","5","","","","","","N"
"SRC","R2-1","5.8","","","","","","N"
"SRC","M2","8.1","","","","","","N"
"SRC","R2-1","7.5","","","","","","N"
"SRC","M2","5.4","","","","","","N"
"SRC","R2-1","6.9","","","","","","N"
"SRC","M2","6.3","","","","","","Y"
"SRC","M2","5.8","","","","","","N"
"SRC","M2","5.5","","","","","","N"
"SRC","M2","6.1","","","","","","N"
"SRC","M2","5.2","","","","","","N"
"SRC","M2","12.8","","","","","","N"
"SRC","M2","5.5","","","","","","N"
"SRC","M2","7.3","","","","","","N"
"SRC","M2","5","","","","","","N"
"SRC","M2","6.4","","","","","","N"
"SRC","M2","4.7","","","","","","N"
"SRC","M2","4.5","","","","","","N"
"SRC","M2","6.5","","","","","","N"
"SRC","M2","3","","","","","","N"
"SRC","M2","5.1","","","","","","Y"
"SRC","M2","15.2","","","","","","N"
"SRC","M2","15.2","","","","","","N"
"SRC","M2","14.3","","","","","","N"
"SRC","R2-1","18.4","","","","","","N"
"SRC","M2","17","","","","","","N"
"SRC","M2","15.7","","","","","","N"
"SRC","M2","15.7","","","","","","N"
"SRC","M2","17.2","","","","","","N"
"SRC","R2-1","15.2","","","","","","N"
"SRC","M2","16","","","","","","N"
"SRC","M2","17.4","","","","","","N"
"SRC","M2","10.7","","","","","","N"
"SRC","M2","10.5","","","","","","N"
"SRC","M2","9.5","","","","","","N"
"SRC","M2","11.8","","","","","","N"
"SRC","M2","10.4","","","","","","N"
"SRC","M2","7.5","","","","","","N"
"SRC","M2","8.5","","","","","","N"
"SRC","R2-1","14.4","","","","","","N"
"SRC","M2","8.4","","","","","","N"
"SRC","R2-1","10.7","","","","","","N"
"SRC","M2","13.7","","","","","","N"
"SRC","M2","8","","","","","","N"
"SRC","M2","9.1","","","","","","N"
"SRC","M2","9.3","","","","","","N"
"SRC","M2","9.5","","","","","","N"
"SRC","M2","9.9","","","","","","N"
"SRC","M2","10.8","","","","","","N"
"SRC","M2","11.7","","","","","","N"
"SRC","M2","8.5","","","","","","N"
"SRC","M2","14.5","","","","","","N"
"SRC","M2","12","","","","","","N"
"SRC","M2","13.3","","","","","","N"
"SRC","R2-1","12.5","","","","","","N"
"SRC","M2","8","","","","","","N"
"SRC","M2","5.4","","","","","","N"
"SRC","R2-1","8.8","","","","","","N"
"SRC","M2","8.9","","","","","","N"
"SRC","M2","5.5","","","","","","N"
"SRC","M2","7.7","","","","","","N"
"SRC","M2","8","","","","","","N"
"SRC","M2","10.9","","","","","","N"
"SRC","M2","12.9","","","","","","N"
"SRC","M2","10.7","","","","","","N"
"SRC","M2","9.1","","","","","","N"
"SRC","M2","8.6","","","","","","N"
"SRC","M2","7.2","","","","","","N"
"SRC","M2","5.8","","","","","","N"
"SRC","M2","7.9","","","","","","N"
"SRC","M2","6.3","","","","","","N"
"SRC","M2","7.7","","","","","","N"
"SRC","M2","7.1","","","","","","N"
"SRC","M2","8","","","","","","N"
"SRC","M2","7.5","","","","","","N"
"SRC","M2","6.2","","","","","","N"
"SRC","M2","9","","","","","","N"
"SRC","M2","9.9","","","","","","N"
"SRC","M2","5.3","","","","","","N"
"SRC","M2","5.9","","","","","","N"
"SRC","M2","18","","","","","","N"
"SRC","M2","15.1","","","","","","N"
"SRC","M2","16.7","","","","","","N"
"SRC","R2-1","16.1","","","","","","N"
"SRC","R2-1","17.6","","","","","","N"
"SRC","M2","17.5","","","","","","N"
"SRC","M2","14.3","","","","","","N"
"SRC","R2-1","15.5","","","","","","N"
"SRC","R2-1","16.6","","","","","","N"
"SRC","M2","18.3","","","","","","N"
"SRC","M2","16.3","","","","","","N"
"SRC","M2","16.3","","","","","","N"
"SRC","M2","11.6","","","","","","N"
"SRC","M2","11.9","","","","","","N"
"SRC","M2","13.9","","","","","","N"
"SRC","M2","16","","","","","","N"
"SRC","M2","12.5","","","","","","N"
"SRC","R2-1","15.3","","","","","","N"
"SRC","M2","11.6","","","","","","N"
"SRC","R2-1","13.6","","","","","","N"
"SRC","M2","11.8","","","","","","N"
"SRC","M2","5.9","","","","","","N"
"SRC","M2","12.6","","","","","","N"
"SRC","M2","6","","","","","","N"
"SRC","M2","7.4","","","","","","N"
"SRC","M2","5.6","","","","","","N"
"SRC","M2","6.6","","","","","","N"
"SRC","M2","6.5","","","","","","N"
"SRC","M2","5.7","","","","","","N"
"SRC","M2","5.5","","","","","","N"
"SRC","M2","5","","","","","","N"
"SRC","M2","5.8","","","","","","N"
"SRC","M2","6.3","","","","","","N"
"SRC","M2","4.8","","","","","","N"
"SRC","M2","5.7","","","","","","N"
"SRC","M2","6.6","","","","","","N"
"SRC","R2-1","15.5","","","","","","N"
"SRC","M2","5","","","","","","N"
"SRC","R2-1","6.9","","","","","","N"
"SRC","R2-1","7","","","","","","N"
"SRC","M2","5.3","","","","","","N"
"SRC","M2","5.4","","","","","","N"
"SRC","M2","5","","","","","","N"
"SRC","M2","6.8","","","","","","N"
"SRC","M2","4.4","","","","","","N"
"SRC","M2","4.7","","","","","","N"
"SRC","R2-1","6.2","","","","","","N"
"SRC","M2","6.8","","","","","","N"
"SRC","M2","5.5","","","","","","N"
"SRC","R2-1","5.4","","","","","","N"
"SRC","R2-1","12.8","","","","","","N"
"SRC","M2","17.2","","","","","","N"
"SRC","M2","16.5","","","","","","N"
"SRC","R2-1","14.4","","","","","","N"
"SRC","M2","13.2","","","","","","N"
"SRC","R2-1","14.5","","","","","","N"
"SRC","M2","14.2","","","","","","N"
"SRC","M2","16.6","","","","","","N"
"SRC","R2-1","6.8","","","","","","N"
"SRC","R2-1","16.3","","","","","","N"
"SRC","M2","14.7","","","","","","N"
"SRC","R2-1","13","","","","","","N"
"SRC","M2","16.2","","","","","","N"
"SRC","M2","8.9","","","","","","N"
"SRC","R2-1","16.3","","","","","","N"
"SRC","M2","17","","","","","","N"
"SRC","M2","15.7","","","","","","N"
"SRC","M2","4.8","","","","","","N"
"SRC","M2","6","","","","","","N"
"SRC","M2","18.4","","","","","","N"
"SRC","M2","11.2","","","","","","N"
"SRC","R2-1","15.5","","","","","","N"
"SRC","M2","12.7","","","","","","N"
"SRC","M2","6.1","","","","","","N"
"SRC","M2","14.7","","","","","","N"
"SRC","M2","12.6","","","","","","N"
"SRC","M2","12.4","","","","","","N"
"SRC","M2","14.2","","","","","","N"
"SRC","M2","15.1","","","","","","N"
"SRC","R2-1","14.8","","","","","","N"
"SRC","M2","5","","","","","","N"
"SRC","M2","12.2","","","","","","N"
"SRC","M2","5.5","","","","","","N"
"SRC","M2","5.5","","","","","","N"
"SRC","R2-1","7.9","","","","","","N"
"SRC","M2","9","","","","","","N"
"SRC","M2","11","","","","","","N"
"SRC","R2-1","15.3","","","","","","N"
"SRC","M2","11.1","","","","","","N"
"SRC","M2","7.1","","","","","","N"
"SRC","M2","15.7","","","","","","N"
"SRC","M2","5","","","","","","N"
"SRC","M2","8","","","","","","N"
"SRC","R2-1","12.7","","","","","","N"
"SRC","M2","11.3","","","","","","N"
"SRC","M2","10.7","","","","","","N"
"SRC","R2-1","8.8","","","","","","N"
"SRC","M2","5.9","","","","","","N"
"SRC","R2-1","12.2","","","","","","N"
"SRC","M2","6","","","","","","N"
"SRC","R2-1","12.1","","","","","","N"
"SRC","M2","6.6","","","","","","N"
"SRC","M2","7.5","","","","","","N"
"SRC","M2","13.5","","","","","","N"
"SRC","M2","11.8","","","","","","N"
"SRC","R2-1","13.8","","","","","","N"
"SRC","M2","5","","","","","","N"
"SRC","M2","7.4","","","","","","N"
"SRC","M2","7.7","","","","","","N"
"SRC","M2","7.4","","","","","","N"
"SRC","M2","8.5","","","","","","N"
"SRC","R2-1","11.7","","","","","","N"
"BKT","P2","5.9","","","","","","N"
"SRC","M2","14.9","","","","","","N"
"SRC","M2","14.7","","","","","","N"
"SRC","M2","15.9","","","","","","N"
"SRC","R2-1","13.8","","","","","","N"
"SRC","M2","16.7","","","","","","N"
"SRC","R2-1","13.8","","","","","","N"
"SRC","M2","16.1","","","","","","N"
"SRC","M2","13.8","","","","","","N"
"SRC","M2","9.5","","","","","","N"
"SRC","R2-1","8.2","","","","","","N"
"SRC","M2","17.8","","","","","","N"
"SRC","M2","16.7","","","","","","N"
"SRC","M2","14.4","","","","","","N"
"SRC","M2","11.5","","","","","","N"
"SRC","R2-1","5","","","","","","N"
"SRC","M2","9.8","","","","","","N"
"SRC","M2","7.9","","","","","","N"
"SRC","R2-1","15.5","","","","","","N"
"SRC","M2","8.4","","","","","","N"
"SRC","M2","7.3","","","","","","N"
"SRC","M2","7.4","","","","","","N"
"SRC","M2","6.7","","","","","","N"
"SRC","M2","4.6","","","","","","N"
"SRC","R2-1","7.3","","","","","","N"
"SRC","M2","7.5","","","","","","N"
"BNT","P2","12.6","","","","","","N"
"BNT","P2","8.5","","","","","","N"
"SRC","M2","4.9","","","","","","N"
"SRC","R2-1","8.5","","","","","","N"
"SRC","M2","8.5","","","","","","N"
"SRC","M2","8.3","","","","","","N"
"SRC","M2","8.6","","","","","","N"
"SRC","M2","7.2","","","","","","N"
"SRC","M2","8.5","","","","","","N"
"SRC","M2","6.6","","","","","","N"
"SRC","M2","8","","","","","","N"
"SRC","M2","9.4","","","","","","N"
"SRC","M2","8.1","","","","","","N"
"SRC","M2","7.5","","","","","","N"
"SRC","M2","6.7","","","","","","N"
"SRC","M2","6.6","","","","","","N"
"SRC","R2-1","5.9","","","","","","N"
"SRC","M2","5.8","","","","","","N"
"SRC","M2","6.7","","","","","","N"
"SRC","M2","5.2","","","","","","N"
"SRC","M2","5","","","","","","N"
"SRC","M2","6.3","","","","","","N"
"SRC","M2","5.9","","","","","","N"
"SRC","M2","8.1","","","","","","N"
"SRC","M2","4.4","","","","","","N"
"SRC","M2","6.9","","","","","","N"
"SRC","M2","6.5","","","","","","N"
"SRC","M2","6.3","","","","","","N"
"SRC","M2","4.4","","","","","","N"
"SRC","M2","5.3","","","","","","N"
"SRC","M2","5.3","","","","","","N"
"SRC","M2","3.1","","","","","","N"
"SRC","M2","13","","","","","","N"
"SRC","M2","7.1","","","","","","N"
"SRC","M2","6.5","","","","","","N"
"SRC","R2-1","11.5","","","","","","N"
"SRC","M2","6.9","","","","","","N"
"SRC","M2","9","","","","","","N"
"SRC","M2","9.8","","","","","","N"
"SRC","M2","5.8","","","","","","N"
"SRC","R2-1","8","","","","","","N"
"SRC","M2","6.4","","","","","","N"
"SRC","M2","5.6","","","","","","N"
"SRC","M2","6.2","","","","","","N"
"SRC","M2","5.9","","","","","","N"
"SRC","M2","5.3","","","","","","N"
"SRC","R2-1","6.2","","","","","","N"
"SRC","M2","7.6","","","","","","N"
"SRC","R2-1","5.5","","","","","","N"
"SRC","M2","7.6","","","","","","N"
"SRC","M2","6.3","","","","","","N"
"SRC","M2","5.7","","","","","","N"
"SRC","M2","8.3","","","","","","N"
"SRC","M2","6.7","","","","","","N"
"SRC","M2","5.7","","","","","","N"
"SRC","M2","8.2","","","","","","N"
"SRC","M2","6.8","","","","","","N"
"SRC","M2","7.4","","","","","","N"
"SRC","M2","6.3","","","","","","N"
"SRC","R2-1","6.4","","","","","","N"
"SRC","M2","7.9","","","","","","N"
"SRC","M2","11.4","","","","","","N"
"SRC","M2","5.4","","","","","","N"
"SRC","M2","4.8","","","","","","N"
"SRC","M2","6","","","","","","N"
"SRC","M2","6.5","","","","","","N"
"SRC","M2","6.4","","","","","","N"
"SRC","M2","5.9","","","","","","N"
"SRC","M2","3.9","","","","","","N"
"SRC","M2","5.5","","","","","","N"
"SRC","M2","9.7","","","","","","N"
"SRC","M2","8.2","","","","","","N"
"SRC","M2","5.5","","","","","","N"
"SRC","M2","6.5","","","","","","N"
"SRC","M2","4.9","","","","","","N"
"SRC","M2","8.9","","","","","","N"
"SRC","M2","5.9","","","","","","N"
"SRC","M2","5.5","","","","","","N"
"SRC","M2","5.1","","","","","","N"
"SRC","M2","4.9","","","","","","N"
"SRC","M2","5.6","","","","","","N"
"SRC","M2","5.9","","","","","","N"
"SRC","M2","5.2","","","","","","N"
"SRC","M2","5","","","","","","N"
"SRC","M2","6.7","","","","","","N"
"SRC","M2","5.7","","","","","","N"
"SRC","M2","7.2","","","","","","N"
"SRC","M2","7.1","","","","","","N"
"SRC","M2","5.5","","","","","","N"
"SRC","M2","5.5","","","","","","N"
"SRC","M2","5.2","","","","","","N"
"SRC","M2","5.2","","","","","","N"
"SRC","R2-1","5.6","","","","","","N"
"SRC","M2","8.4","","","","","","N"
"SRC","M2","7.5","","","","","","N"
"SRC","R3-1","17.7","","","","","","N"
"SRC","R3-1","16.8","","","","","","N"
"SRC","M3","15.3","1.35","89","","","","N"
"SRC","M3","15.5","1.23","78","","","","N"
"SRC","M3","15.4","1.2","78","","","","N"
"SRC","R3-1","16.8","","","","","","N"
"SRC","M3","20.1","3.06","87","","","","N"
"SRC","M3","12.5","0.85","105","","","","N"
"SRC","M3","18.3","2.3","87","","","","N"
"SRC","M3","16.2","1.52","84","","","","N"
"SRC","M3","16.5","1.81","95","","","","N"
"SRC","R3-1","11.1","","","","","","N"
"SRC","R3-1","14.3","","","","","","N"
"SRC","M3","14.5","0.98","77","","","","N"
"SRC","R3-2","17.4","","","","","","N"
"SRC","R3-2","14.5","","","","","","N"
"SRC","M3","14.2","0.98","82","","","","N"
"SRC","M3","17.3","2","90","","","","N"
"SRC","M3","18.4","2.06","77","","","","N"
"SRC","M3","13.2","0.91","95","","","","N"
"SRC","R3-2","10.2","","","","","","N"
"SRC","M3","10.4","0.45","98","","","","N"
"SRC","M3","8.5","0.22","90","","","","N"
"SRC","M3","9.9","0.31","79","","","","N"
"SRC","M3","11.3","0.47","80","","","","N"
"SRC","M3","15.9","1.36","80","","","","N"
"SRC","M3","15.5","1.32","84","","","","N"
"SRC","M3","14.5","1.26","98","","","","N"
"SRC","M3","10","0.35","87","","","","N"
"SRC","M3","13.9","","","","","","N"
"SRC","R3-2","6.9","","","","","","N"
"SRC","M3","7.3","0.12","79","","","","N"
"SRC","M3","10.8","0.37","72","","","","N"
"SRC","R3-2","7.7","","","","","","N"
"SRC","M3","6.4","0.09","89","","","","N"
"SRC","M3","7.5","0.12","72","","","","N"
"SRC","M3","10.1","0.39","93","","","","N"
"SRC","M3","4.7","","","","","","N"
"SRC","M3","7.4","0.12","75","","","","N"
"SRC","R3-1","6.7","","","","","","N"
"SRC","M3","6.5","0.08","75","","","","N"
"SRC","M3","7.4","0.13","82","","","","N"
"SRC","M3","9.2","0.28","90","","","","N"
"SRC","M3","10.4","0.39","85","","","","N"
"SRC","M3","5.2","0.04","75","","","","N"
"SRC","R3-12","5.9","","","","","","N"
"SRC","M3","4.9","","","","","","N"
"SRC","M3","6.9","0.1","78","","","","N"
"SRC","M3","6.5","0.09","85","","","","N"
"SRC","M3","5.1","0.03","","","","","N"
"SRC","R3-1","6.1","","","","","","N"
"SRC","M3","5.4","0.65","1084","","","","N"
"SRC","R3-1","5.3","","","","","","N"
"SRC","M3","6.5","0.09","85","","","","N"
"SRC","M3","7.1","0.11","79","","","","N"
"SRC","M3","6.3","0.08","83","","","","N"
"SRC","R3-2","6.3","","","","","","N"
"SRC","R3-1","6.3","","","","","","N"
"SRC","M3","5.4","0.04","67","","","","N"
"SRC","M3","8.7","0.21","80","","","","N"
"SRC","M3","4.9","","","","","","N"
"SRC","M3","4.8","","","","","","N"
"SRC","M3","3.6","","","","","","N"
"SRC","R3-1","5.7","","","","","","N"
"SRC","M3","5.1","0.03","","","","","N"
"SRC","R3-2","6.5","","","","","","N"
"SRC","M3","6.6","0.08","72","","","","N"
"SRC","R3-2","6.4","","","","","","N"
"SRC","M3","4.7","","","","","","N"
"SRC","M3","6.3","0.07","72","","","","N"
"SRC","M3","6","0.06","72","","","","N"
"SRC","M3","6.3","0.07","72","","","","N"
"SRC","M3","5.7","0.05","71","","","","N"
"SRC","M3","5.2","0.04","75","","","","N"
"SRC","M3","6.7","0.09","77","","","","N"
"SRC","M3","5.4","0.05","83","","","","N"
"SRC","M3","5.8","0.06","80","","","","N"
"SRC","M3","6.2","0.07","76","","","","N"
"SRC","M3","6.5","0.08","75","","","","N"
"SRC","M3","6.3","0.08","83","","","","N"
"SRC","M3","5.3","0.05","88","","","","N"
"SRC","M3","5.6","0.06","89","","","","N"
"SRC","R3-2","5.4","","","","","","N"
"SRC","M3","4.6","","","","","","N"
"SRC","M3","6.7","0.09","77","","","","N"
"SRC","M3","3.1","","","","","","N"
"SRC","M3","5.8","0.06","80","","","","N"
"SRC","M3","5","0.04","","","","","N"
"SRC","M3","3.2","","","","","","N"
"SRC","M3","4.7","","","","","","N"
"SRC","M3","4.9","","","","","","N"
"SRC","M3","4.7","","","","","","N"
"SRC","M3","4.6","","","","","","N"
"SRC","M3","4.7","","","","","","N"
"SRC","M3","3.3","","","","","","N"
"SRC","M3","3.4","","","","","","N"
"SRC","M3","3.6","","","","","","N"
"SRC","M3","3.8","","","","","","N"
"SRC","M3","3.2","","","","","","N"
"SRC","M3","3.6","","","","","","N"
"SRC","R3-1","5","","","","","","N"
"SRC","M3","3.3","","","","","","N"
"SRC","M3","3","","","","","","N"
"SRC","R3-2","17.1","","","","","","N"
"SRC","R3-1","18.4","","","","","","N"
"SRC","R3-1","17.1","","","","","","N"
"SRC","R3-1","14.7","","","","","","N"
"SRC","R3-1","13.9","","","","","","N"
"SRC","R3-12","16.8","","","","","","N"
"SRC","M3","9.7","0.32","87","","","","N"
"SRC","M3","17.7","1.98","83","","","","N"
"SRC","R3-1","14.8","","","","","","N"
"SRC","M3","16.2","1.55","86","","","","N"
"SRC","M3","15.1","1.27","88","","","","N"
"SRC","R3-1","14.2","","","","","","N"
"SRC","M3","11.5","0.55","88","","","","N"
"SRC","M3","12.9","0.8","90","","","","N"
"SRC","M3","11.1","0.42","75","","","","N"
"SRC","R3-2","12.9","","","","","","N"
"SRC","R3-12","14.9","","","","","","N"
"SRC","R3-2","11.1","","","","","","N"
"SRC","M3","10.4","0.38","83","","","","N"
"SRC","M3","13.1","0.79","85","","","","N"
"SRC","M3","15.2","1.22","82","","","","N"
"SRC","M3","12.2","0.63","84","","","","N"
"SRC","M3","11.9","0.58","84","","","","N"
"SRC","R3-2","15.1","","","","","","N"
"SRC","R3-12","13.7","","","","","","N"
"SRC","R3-2","15.1","","","","","","N"
"SRC","R3-2","14.9","","","","","","N"
"SRC","M3","6.4","0.1","99","","","","N"
"SRC","R3-2","15.6","","","","","","N"
"SRC","M3","11.3","0.49","83","","","","N"
"SRC","M3","5.4","0.04","67","","","","N"
"SRC","M3","13.7","0.93","87","","","","N"
"SRC","R3-2","6.3","","","","","","N"
"SRC","R3-1","14.9","","","","","","N"
"SRC","M3","14.3","1.02","83","","","","N"
"SRC","R3-2","15.5","","","","","","N"
"SRC","M3","9.9","0.37","94","","","","N"
"SRC","M3","9.3","0.26","80","","","","N"
"SRC","R3-12","15.3","","","","","","N"
"SRC","R3-2","16.7","","","","","","N"
"SRC","R3-2","11.3","","","","","","N"
"SRC","M3","14.4","1.11","89","","","","N"
"SRC","M3","12.5","0.73","90","","","","N"
"SRC","R3-1","17.4","","","","","","N"
"SRC","R3-2","11.3","","","","","","N"
"SRC","R3-2","10.7","","","","","","N"
"SRC","M3","10.4","0.37","81","","","","N"
"SRC","R3-2","12.3","","","","","","N"
"SRC","M3","13.4","0.84","84","","","","N"
"SRC","M3","16.4","1.52","81","","","","N"
"SRC","R3-2","11.7","","","","","","N"
"SRC","M3","10","0.34","84","","","","N"
"SRC","M3","12.8","0.77","89","","","","N"
"SRC","M3","12.6","0.69","83","","","","N"
"SRC","M3","10.7","0.41","82","","","","N"
"SRC","M3","10.9","0.43","81","","","","N"
"SRC","M3","11.7","0.49","74","","","","N"
"SRC","M3","10.1","0.37","89","","","","N"
"SRC","M3","14.1","0.94","80","","","","N"
"SRC","M3","10.3","0.37","83","","","","N"
"SRC","M3","11.4","0.49","81","","","","N"
"SRC","M3","10","0.3","74","","","","N"
"SRC","R3-2","6.3","","","","","","N"
"SRC","R3-2","13.3","","","","","","N"
"SRC","M3","14","0.94","82","","","","N"
"SRC","R3-12","5.8","","","","","","N"
"SRC","R3-2","14.2","","","","","","N"
"SRC","R3-1","14.5","","","","","","N"
"SRC","M3","9.2","0.26","83","","","","N"
"SRC","M3","9.2","0.25","80","","","","N"
"SRC","R3-1","12","","","","","","N"
"SRC","M3","4.8","","","","","","N"
"SRC","M3","10.6","0.39","80","","","","N"
"SRC","M3","9.7","0.27","73","","","","N"
"SRC","M3","10.8","0.38","74","","","","N"
"SRC","R3-2","8.7","","","","","","N"
"SRC","R3-2","11.9","","","","","","N"
"SRC","M3","6.7","0.09","77","","","","N"
"SRC","M3","6.7","0.09","77","","","","N"
"SRC","R3-2","7.5","","","","","","N"
"SRC","M3","7.4","0.12","75","","","","N"
"SRC","M3","11.4","0.44","72","","","","N"
"SRC","R3-2","6.6","","","","","","N"
"SRC","R3-2","5.4","","","","","","N"
"SRC","M3","9","0.23","79","","","","N"
"SRC","M3","14.5","1.09","85","","","","N"
"SRC","M3","10.2","0.37","86","","","","N"
"SRC","M3","13.8","0.9","82","","","","N"
"SRC","R3-2","8.5","","","","","","N"
"SRC","R3-1","6.5","","","","","","N"
"SRC","R3-2","5.1","","","","","","N"
"SRC","R3-2","10","","","","","","N"
"SRC","M3","11.5","0.49","79","","","","N"
"SRC","M3","10.5","0.4","85","","","","N"
"SRC","M3","8.8","0.21","77","","","","N"
"SRC","M3","8.6","0.21","83","","","","N"
"SRC","R3-1","5.6","","","","","","N"
"SRC","M3","4.9","","","","","","N"
"SRC","R3-2","5.9","","","","","","N"
"SRC","R3-12","5.8","","","","","","N"
"SRC","M3","5.3","0.04","71","","","","N"
"SRC","M3","10.4","0.38","83","","","","N"
"SRC","M3","9.8","0.34","89","","","","N"
"SRC","R3-1","5.3","","","","","","N"
"SRC","M3","5.4","0.05","83","","","","N"
"SRC","M3","9.3","0.27","84","","","","N"
"SRC","R3-2","6.9","","","","","","N"
"SRC","M3","11.5","0.51","82","","","","N"
"SRC","R3-2","11.2","","","","","","N"
"SRC","R3-1","6.5","","","","","","N"
"SRC","R3-2","5.8","","","","","","N"
"SRC","M3","6.9","0.1","78","","","","N"
"SRC","M3","5.5","0.05","79","","","","N"
"SRC","M3","3.3","","","","","","N"
"SRC","R3-12","6.4","","","","","","N"
"SRC","M3","3.5","","","","","","N"
"SRC","R3-1","5.6","","","","","","N"
"SRC","M3","3.3","","","","","","N"
"SRC","M3","2.9","","","","","","N"
"SRC","M3","5","0.02","","","","","N"
"SRC","R3-2","11.5","","","","","","N"
"SRC","M3","2.9","","","","","","N"
"SRC","M3","3","","","","","","N"
"SRC","R3-1","6.3","","","","","","N"
"SRC","R3-2","16.3","","","","","","N"
"SRC","R3-2","17.8","","","","","","N"
"SRC","M3","19.2","2.47","81","","","","N"
"SRC","R3-2","17","","","","","","N"
"SRC","R3-2","17","","","","","","N"
"SRC","R3-2","14.6","","","","","","N"
"SRC","R3-2","14.1","","","","","","N"
"SRC","R3-2","16.8","","","","","","N"
"SRC","R3-1","17.2","","","","","","N"
"SRC","R3-1","14.9","","","","","","N"
"SRC","R3-1","7.5","","","","","","N"
"SRC","M3","14.8","1.18","87","","","","N"
"SRC","M3","13.7","0.9","84","","","","N"
"SRC","R3-1","13.3","","","","","","N"
"SRC","R3-2","15.1","","","","","","N"
"SRC","M3","15.5","1.32","84","","","","N"
"SRC","M3","13.6","0.87","83","","","","N"
"SRC","M3","14.7","1.06","79","","","","N"
"SRC","R3-12","5.1","","","","","","N"
"SRC","M3","14","1.02","89","","","","N"
"SRC","M3","14.2","0.95","79","","","","N"
"SRC","R3-2","8.1","","","","","","N"
"SRC","R3-12","8.3","","","","","","N"
"SRC","R3-1","6.4","","","","","","N"
"SRC","R3-1","6.5","","","","","","N"
"SRC","R3-2","6.8","","","","","","N"
"SRC","M3","4.7","","","","","","N"
"SRC","M3","5.4","0.05","83","","","","N"
"SRC","R3-2","7.4","","","","","","N"
"SRC","M3","6.1","0.06","69","","","","N"
"SRC","M3","6.1","0.07","80","","","","N"
"SRC","M3","10.8","0.4","78","","","","N"
"BKT","P3","11.4","0.53","61","","","","N"
"BKT","P3","8","0.19","65","","","","N"
"SRC","M3","17","1.69","81","","","","N"
"SRC","M3","18.1","2","79","","","","N"
"SRC","R3-2","15.4","","","","","","N"
"SRC","M3","16.2","1.53","85","","","","N"
"SRC","M3","17.3","1.67","76","","","","N"
"SRC","M3","17.2","1.81","83","","","","N"
"SRC","R3-2","17.6","","","","","","N"
"SRC","M3","16.3","1.52","83","","","","N"
"SRC","M3","16.6","1.87","96","","","","N"
"SRC","M3","15.3","1.2","79","","","","N"
"SRC","R3-2","14.3","","","","","","N"
"SRC","R3-2","11.5","","","","","","N"
"SRC","M3","11","0.53","97","","","","N"
"SRC","M3","10.6","0.42","87","","","","N"
"SRC","M3","15.5","1.39","88","","","","N"
"SRC","M3","14","0.89","78","","","","N"
"SRC","R3-2","12.9","","","","","","N"
"SRC","M3","14.3","0.97","79","","","","N"
"SRC","M3","11.9","0.63","91","","","","N"
"SRC","R3-2","6.5","","","","","","N"
"SRC","R3-2","11.7","","","","","","N"
"SRC","M3","15.1","1.41","97","","","","N"
"SRC","M3","14.5","1.11","87","","","","N"
"SRC","M3","16.1","1.5","85","","","","N"
"SRC","M3","13.8","1.06","97","","","","N"
"SRC","R3-2","12.9","","","","","","N"
"SRC","M3","9.9","0.39","99","","","","N"
"SRC","M3","9.4","0.3","90","","","","N"
"SRC","R3-2","9.4","","","","","","N"
"SRC","R3-2","7.2","","","","","","N"
"SRC","M3","14.6","1.13","86","","","","N"
"SRC","M3","7.8","0.15","80","","","","N"
"SRC","M3","10.3","0.36","81","","","","N"
"SRC","M3","10.6","0.41","85","","","","N"
"SRC","M3","8","0.15","74","","","","N"
"SRC","M3","8.1","0.16","76","","","","N"
"SRC","R3-2","6.5","","","","","","N"
"SRC","M3","13.6","0.9","86","","","","N"
"SRC","M3","8.3","0.17","75","","","","N"
"SRC","R3-2","6.1","","","","","","N"
"SRC","M3","5.1","0.03","","","","","N"
"SRC","M3","6.1","0.06","69","","","","N"
"SRC","M3","8.9","0.22","78","","","","N"
"SRC","R3-1","5.6","","","","","","N"
"SRC","M3","9.1","0.23","76","","","","N"
"SRC","M3","7","0.1","75","","","","N"
"SRC","M3","7.4","0.1","63","","","","N"
"SRC","M3","8.4","0.19","81","","","","N"
"SRC","R3-1","10.2","","","","","","N"
"SRC","R3-12","9.5","","","","","","N"
"SRC","M3","9.1","0.22","73","","","","N"
"SRC","M3","6","0.07","84","","","","N"
"SRC","M3","8.4","0.21","89","","","","N"
"SRC","M3","10","0.31","77","","","","N"
"SRC","M3","5.1","0.04","","","","","N"
"SRC","M3","5.2","0.04","75","","","","N"
"SRC","M3","9.3","0.23","71","","","","N"
"SRC","M3","4.9","","","","","","N"
"SRC","M3","7.7","0.13","72","","","","N"
"SRC","M3","5.4","0.04","67","","","","N"
"SRC","M3","9.9","0.25","64","","","","N"
"SRC","M3","3.6","","","","","","N"
"SRC","M3","5.3","","","","","","N"
"SRC","M3","16.9","1.39","68","","","","N"
"SRC","M3","15.9","1.42","83","","","","N"
"SRC","M3","14.2","1.16","97","","","","N"
"SRC","M3","16.2","1.49","83","","","","N"
"SRC","M3","15.5","1.08","69","","","","N"
"SRC","R3-1","16.6","","","","","","N"
"SRC","M3","15.9","1.54","90","","","","N"
"SRC","M3","15.4","1.19","77","","","","N"
"SRC","M3","17","1.92","92","","","","N"
"SRC","R3-2","16.7","","","","","","N"
"SRC","R3-2","6.8","","","","","","N"
"SRC","M3","8.7","0.21","80","","","","N"
"SRC","R3-12","7.2","","","","","","N"
"SRC","M3","10.9","0.49","93","","","","N"
"SRC","M3","8.5","0.23","94","","","","N"
"SRC","R3-2","8.7","","","","","","N"
"SRC","M3","4.6","","","","","","N"
"SRC","R3-1","7","","","","","","N"
"SRC","M3","9.5","0.29","84","","","","N"
"SRC","M3","9.3","0.3","93","","","","N"
"SRC","M3","13.7","0.81","75","","","","N"
"SRC","M3","7.1","0.13","93","","","","N"
"SRC","R3-1","14","","","","","","N"
"SRC","M3","7.5","0.12","72","","","","N"
"SRC","R3-2","5.3","","","","","","N"
"SRC","R3-1","8.5","","","","","","N"
"SRC","M3","5.7","0.02","28","","","","N"
"SRC","R3-1","5.2","","","","","","N"
"SRC","M3","12.3","0.73","95","","","","N"
"SRC","M3","7.2","0.15","103","","","","N"
"SRC","M3","7.7","0.18","100","","","","N"
"SRC","R3-1","5.9","","","","","","N"
"SRC","R3-1","5.9","","","","","","N"
"SRC","M3","10.1","0.35","84","","","","N"
"SRC","R3-2","6.8","","","","","","N"
"SRC","R3-1","6.1","","","","","","N"
"SRC","M3","6.7","0.12","103","","","","N"
"SRC","M3","8.6","0.25","99","","","","N"
"SRC","R3-1","8.6","","","","","","N"
"SRC","R3-1","7","","","","","","N"
"SRC","M3","8.3","0.2","88","","","","N"
"SRC","M3","7.7","0.14","78","","","","N"
"SRC","M3","7.6","0.16","93","","","","N"
"SRC","M3","6.3","0.12","124","","","","N"
"SRC","R3-1","7.3","","","","","","N"
"SRC","M3","6.8","0.11","90","","","","N"
"SRC","R3-1","15","","","","","","N"
"SRC","M3","9.6","0.29","81","","","","N"
"SRC","M3","7.5","0.14","84","","","","N"
"SRC","R3-1","5.5","","","","","","N"
"SRC","M3","6","0.09","108","","","","N"
"SRC","M3","6.1","0.09","103","","","","N"
"SRC","M3","5.5","0.07","110","","","","N"
"SRC","M3","7.4","0.13","82","","","","N"
"SRC","R3-2","6.1","","","","","","N"
"SRC","M3","4.9","","","","","","N"
"SRC","M3","5.2","0.07","131","","","","N"
"SRC","M3","5.7","0.08","113","","","","N"
"SRC","R3-2","8","","","","","","N"
"SRC","R3-2","7.7","","","","","","N"
"SRC","R3-12","6.8","","","","","","N"
"SRC","M3","6","0.09","108","","","","N"
"SRC","R3-2","7.5","","","","","","N"
"SRC","M3","6.2","0.09","98","","","","N"
"SRC","R3-2","5.8","","","","","","N"
"SRC","M3","6.9","0.12","94","","","","N"
"SRC","R3-1","5.6","","","","","","N"
"SRC","M3","8","0.16","79","","","","N"
"SRC","M3","5.7","0.06","85","","","","N"
"SRC","M3","6.7","0.11","94","","","","N"
"SRC","M3","5.1","0.05","","","","","N"
"SRC","M3","4.3","","","","","","N"
"SRC","M3","5.2","0.05","94","","","","N"
"SRC","M3","5.4","0.05","83","","","","N"
"SRC","M3","4.8","","","","","","N"
"SRC","R3-2","5.1","","","","","","N"
"SRC","M3","6.7","0.08","68","","","","N"
"SRC","R3-12","7.6","","","","","","N"
"SRC","M3","4.1","","","","","","N"
"SRC","M3","4.9","","","","","","N"
"SRC","R3-2","6.2","","","","","","N"
"SRC","R3-2","5.9","","","","","","N"
"SRC","R3-2","5","","","","","","N"
"SRC","R3-1","6.1","","","","","","N"
"SRC","M3","6.2","0.07","76","","","","N"
"SRC","M3","12.7","","","","","","N"
"SRC","M3","14","","","","","","N"
"SRC","R3-2","17","","","","","","N"
"SRC","M3","17.5","","","","","","N"
"SRC","M3","18.9","","","","","","N"
"SRC","R3-1","13.4","","","","","","N"
"SRC","M3","17","","","","","","N"
"SRC","M3","16.6","","","","","","N"
"SRC","M3","14.1","","","","","","N"
"SRC","M3","17.8","","","","","","N"
"SRC","R3-2","16.5","","","","","","N"
"SRC","R3-2","7.4","","","","","","N"
"SRC","M3","13.4","","","","","","N"
"SRC","R3-1","12.4","","","","","","N"
"SRC","R3-2","10.2","","","","","","N"
"SRC","R3-12","16.3","","","","","","N"
"SRC","R3-12","17.6","","","","","","N"
"SRC","R3-12","15.8","","","","","","N"
"SRC","R3-12","15.6","","","","","","N"
"SRC","R3-1","15","","","","","","N"
"SRC","M3","14.7","","","","","","N"
"SRC","M3","10.1","","","","","","N"
"SRC","R3-1","12.6","","","","","","N"
"SRC","R3-2","15.6","","","","","","N"
"SRC","M3","14.2","","","","","","N"
"SRC","R3-2","10.2","","","","","","N"
"SRC","M3","9.2","","","","","","N"
"SRC","M3","5.7","","","","","","N"
"SRC","R3-1","15.5","","","","","","N"
"SRC","R3-2","16","","","","","","N"
"SRC","R3-2","15.9","","","","","","N"
"SRC","R3-1","17.7","","","","","","N"
"SRC","R3-2","8.7","","","","","","N"
"SRC","M3","5.4","","","","","","N"
"SRC","R3-1","11.1","","","","","","N"
"SRC","M3","16.7","","","","","","N"
"SRC","M3","8.2","","","","","","N"
"SRC","M3","7.7","","","","","","N"
"SRC","R3-2","9","","","","","","N"
"SRC","R3-2","10.3","","","","","","N"
"SRC","M3","17.6","","","","","","N"
"SRC","M3","12.1","","","","","","N"
"SRC","M3","8.4","","","","","","N"
"SRC","R3-1","11.5","","","","","","N"
"SRC","R3-1","13.7","","","","","","N"
"SRC","M3","14.2","","","","","","N"
"SRC","M3","4.9","","","","","","N"
"SRC","M3","8.1","","","","","","N"
"SRC","R3-2","18.4","","","","","","N"
"SRC","M3","17.5","","","","","","N"
"SRC","M3","8.1","","","","","","N"
"SRC","M3","13.7","","","","","","N"
"SRC","M3","11.6","","","","","","N"
"SRC","M3","8.5","","","","","","N"
"SRC","R3-1","17.5","","","","","","N"
"SRC","M3","17.3","","","","","","N"
"SRC","M3","13.1","","","","","","N"
"SRC","M3","15.6","","","","","","N"
"SRC","M3","9.8","","","","","","N"
"SRC","M3","13.4","","","","","","N"
"SRC","M3","10.3","","","","","","N"
"SRC","M3","9.2","","","","","","N"
"SRC","R3-2","6.8","","","","","","N"
"SRC","M3","13.6","","","","","","N"
"SRC","M3","7.9","","","","","","N"
"SRC","M3","10.9","","","","","","N"
"SRC","R3-1","16.6","","","","","","N"
"SRC","M3","15.2","","","","","","N"
"SRC","M3","10.6","","","","","","N"
"SRC","M3","5.9","","","","","","N"
"SRC","M3","11.4","","","","","","N"
"SRC","M3","11.1","","","","","","N"
"SRC","R3-1","9.2","","","","","","N"
"SRC","M3","11.2","","","","","","N"
"SRC","M3","5.8","","","","","","N"
"SRC","R3-1","5.7","","","","","","N"
"SRC","M3","4.8","","","","","","N"
"SRC","M3","2.8","","","","","","N"
"SRC","R3-2","10.4","","","","","","N"
"SRC","M3","5.9","","","","","","N"
"SRC","M3","5.2","","","","","","N"
"SRC","M3","12.8","","","","","","N"
"SRC","M3","9.4","","","","","","N"
"SRC","M3","14.3","","","","","","N"
"SRC","M3","10.7","","","","","","N"
"SRC","M3","9.5","","","","","","N"
"SRC","M3","6.8","","","","","","N"
"SRC","M3","9.9","","","","","","N"
"SRC","R3-1","5.5","","","","","","N"
"SRC","M3","5.7","","","","","","N"
"SRC","M3","7.5","","","","","","N"
"SRC","M3","5","","","","","","N"
"SRC","M3","6.1","","","","","","N"
"SRC","M3","5.4","","","","","","N"
"SRC","M3","4.8","","","","","","N"
"SRC","M3","4.6","","","","","","N"
"SRC","M3","5.9","","","","","","N"
"SRC","M3","5.9","","","","","","N"
"SRC","M3","5.7","","","","","","N"
"SRC","M3","8.2","","","","","","N"
"SRC","M3","7.4","","","","","","N"
"SRC","R3-2","6.4","","","","","","N"
"SRC","M3","12.4","","","","","","N"
"SRC","M3","6.4","","","","","","N"
"SRC","M3","5.4","","","","","","N"
"SRC","M3","13.7","","","","","","N"
"SRC","M3","17.5","","","","","","N"
"SRC","M3","15.3","","","","","","N"
"SRC","M3","5.2","","","","","","N"
"SRC","M3","5.7","","","","","","N"
"SRC","M3","5.5","","","","","","N"
"SRC","M3","4.6","","","","","","N"
"SRC","M3","7.5","","","","","","N"
"SRC","M3","12","","","","","","N"
"SRC","M3","7.3","","","","","","N"
"SRC","M3","5.1","","","","","","N"
"SRC","M3","7.7","","","","","","N"
"SRC","M3","9.3","","","","","","N"
"SRC","M3","10.8","","","","","","N"
"SRC","R3-1","7.8","","","","","","N"
"SRC","M3","8.6","","","","","","N"
"SRC","M3","12.5","","","","","","N"
"SRC","M3","15.9","","","","","","N"
"SRC","M3","11.3","","","","","","N"
"SRC","M3","7.2","","","","","","N"
"SRC","M3","5.2","","","","","","N"
"SRC","M3","5.6","","","","","","N"
"SRC","M3","5.8","","","","","","N"
"SRC","M3","7.3","","","","","","N"
"SRC","M3","6.8","","","","","","N"
"SRC","M3","6.7","","","","","","N"
"SRC","R3-1","6.8","","","","","","N"
"SRC","M3","8.2","","","","","","N"
"SRC","M3","4.6","","","","","","N"
"SRC","M3","14.1","","","","","","N"
"SRC","M3","6.4","","","","","","N"
"SRC","M3","7.4","","","","","","N"
"SRC","M3","15.9","","","","","","N"
"SRC","R3-1","7.7","","","","","","N"
"SRC","R3-1","6.7","","","","","","N"
"SRC","M3","17.7","","","","","","N"
"SRC","M3","8.7","","","","","","N"
"SRC","M3","10.6","","","","","","N"
"SRC","R3-1","6.8","","","","","","N"
"SRC","R3-2","7.4","","","","","","N"
"SRC","R3-2","6.9","","","","","","N"
"SRC","M3","7.8","","","","","","N"
"SRC","M3","17.2","","","","","","N"
"SRC","R3-2","8.9","","","","","","N"
"SRC","M3","13.6","","","","","","N"
"SRC","M3","11.9","","","","","","N"
"SRC","M3","5.5","","","","","","N"
"SRC","R3-1","9.7","","","","","","N"
"SRC","M3","5.5","","","","","","N"
"SRC","M3","14","","","","","","N"
"SRC","R3-1","10.2","","","","","","N"
"SRC","M3","5.4","","","","","","N"
"SRC","M3","12.4","","","","","","N"
"SRC","R3-2","5","","","","","","N"
"SRC","M3","6.4","","","","","","N"
"SRC","M3","7.7","","","","","","N"
"SRC","R3-1","13.8","","","","","","N"
"SRC","R3-1","14.9","","","","","","N"
"SRC","M3","5.4","","","","","","N"
"SRC","M3","14.5","","","","","","N"
"SRC","R3-1","5.9","","","","","","N"
"SRC","M3","7.6","","","","","","N"
"SRC","R3-2","8.2","","","","","","N"
"SRC","M3","9.3","","","","","","N"
"SRC","M3","5.3","","","","","","N"
"SRC","R3-2","6.9","","","","","","N"
"SRC","M3","7.6","","","","","","N"
"SRC","M3","13.2","","","","","","N"
"SRC","M3","6.6","","","","","","N"
"SRC","R3-2","8","","","","","","N"
"SRC","M3","3.4","","","","","","N"
"SRC","R3-1","8.3","","","","","","N"
"SRC","R3-1","8.6","","","","","","N"
"SRC","R3-2","5.4","","","","","","N"
"SRC","M3","9.1","","","","","","N"
"SRC","M3","7.2","","","","","","N"
"SRC","M3","7.5","","","","","","N"
"SRC","M3","8.9","","","","","","N"
"SRC","M3","5.9","","","","","","N"
"SRC","M3","5.7","","","","","","N"
"SRC","R3-2","5.1","","","","","","N"
"SRC","M3","5.6","","","","","","N"
"SRC","M3","6.1","","","","","","N"
"SRC","M3","6.4","","","","","","N"
"SRC","R3-1","5.4","","","","","","N"
"SRC","M3","5.6","","","","","","N"
"SRC","M3","4.7","","","","","","N"
"SRC","R3-1","6.3","","","","","","N"
"SRC","M3","5.2","","","","","","N"
"SRC","M3","3","","","","","","N"
"SRC","R3-2","5.7","","","","","","N"
"SRC","M3","6","","","","","","N"
"SRC","R3-1","10.3","","","","","","N"
"SRC","M3","5","","","","","","N"
"SRC","M3","3.3","","","","","","N"
"SRC","M3","3.4","","","","","","N"
"SRC","M3","5.1","","","","","","N"
"SRC","M3","5.1","","","","","","N"
"SRC","M3","6","","","","","","N"
"SRC","R3-1","15","","","","","","N"
"SRC","R3-1","14","","","","","","N"
"SRC","M3","16.3","","","","","","N"
"SRC","R3-1","15","","","","","","N"
"SRC","M3","17","","","","","","N"
"SRC","M3","14.5","","","","","","N"
"SRC","R3-2","16","","","","","","N"
"SRC","R3-2","17.1","","","","","","N"
"SRC","M3","15.8","","","","","","N"
"SRC","M3","15.8","","","","","","N"
"SRC","M3","16.3","","","","","","N"
"SRC","M3","16.3","","","","","","N"
"SRC","M3","9.8","","","","","","N"
"SRC","M3","6.2","","","","","","N"
"SRC","M3","16.1","","","","","","N"
"SRC","M3","14.3","","","","","","N"
"SRC","R3-1","15.8","","","","","","N"
"SRC","M3","13.8","","","","","","N"
"SRC","R3-1","15.1","","","","","","N"
"SRC","M3","17.4","","","","","","N"
"SRC","M3","17.7","","","","","","N"
"SRC","M3","14","","","","","","N"
"SRC","M3","13.3","","","","","","N"
"SRC","M3","13.8","","","","","","N"
"SRC","M3","4.8","","","","","","N"
"SRC","M2","4.9","","","","","","N"
"UTS","M2","9.5","","","","","","N"
"SRC","R3-1","16.9","","","","","","N"
"SRC","R3-1","15.3","","","","","","N"
"SRC","M3","16.3","","","","","","N"
"SRC","M3","15.2","","","","","","N"
